Sorted Json formula,prototype,prototype_name,prototype_formula,DOIs
"{""A"": {""Hf"": 0.2, ""Nb"": 0.2, ""Ta"": 0.2, ""Ti"": 0.2, ""Zr"": 0.2}, ""B"": {""B"": 1.0}}",AlB2,AlB2,"{'A': 1, 'B': 2}","['https://doi.org/10.1016/j.scriptamat.2021.113855', 'https://doi.org/10.1038/srep37946', 'https://doi.org/10.1016/j.ceramint.2019.11.186', 'https://doi.org/10.1016/j.jeurceramsoc.2019.05.017', 'https://doi.org/10.1016/j.actamat.2020.07.004', 'https://doi.org/10.1016/j.ceramint.2020.02.214', 'https://doi.org/10.1016/j.jeurceramsoc.2020.03.063', 'https://doi.org/10.1016/j.jeurceramsoc.2020.08.058', 'https://doi.org/10.1016/j.jmst.2020.07.014', 'https://doi.org/10.1111/jace.16801', 'https://doi.org/10.1016/j.scriptamat.2019.05.039', 'https://doi.org/10.1016/j.jeurceramsoc.2021.05.053', 'https://doi.org/10.1016/j.jmst.2019.05.059', 'https://doi.org/10.1016/j.jeurceramsoc.2020.04.026', 'https://doi.org/10.1007/s40843-019-9469-4', 'https://doi.org/10.1016/j.scriptamat.2019.03.038', 'https://doi.org/10.1016/j.jeurceramsoc.2021.04.004', 'https://doi.org/10.1007/s40145-020-0383-8']"
"{""A"": {""Hf"": 0.2, ""Mo"": 0.2, ""Ta"": 0.2, ""Ti"": 0.2, ""Zr"": 0.2}, ""B"": {""B"": 1.0}}",AlB2,AlB2,"{'A': 1, 'B': 2}","['https://doi.org/10.3390/ceramics4020020', 'https://doi.org/10.1038/srep37946', 'https://doi.org/10.1016/j.scriptamat.2021.113855', 'https://doi.org/10.1016/j.ceramint.2020.10.200', 'https://doi.org/10.1016/j.ceramint.2019.11.186', 'https://doi.org/10.1063/5.0045592', 'https://doi.org/10.3390/ceramics4020010']"
"{""A"": {""Hf"": 0.2, ""Mo"": 0.2, ""Nb"": 0.2, ""Ti"": 0.2, ""Zr"": 0.2}, ""B"": {""B"": 1.0}}",AlB2,AlB2,"{'A': 1, 'B': 2}","['https://doi.org/10.1016/j.jeurceramsoc.2019.05.017', 'https://doi.org/10.1038/srep37946', 'https://doi.org/10.1016/j.jeurceramsoc.2019.10.031', 'https://doi.org/10.1016/j.scriptamat.2019.01.021', 'https://doi.org/10.3390/ceramics4020010']"
"{""A"": {""Hf"": 0.2, ""Mo"": 0.2, ""Nb"": 0.2, ""Ta"": 0.2, ""Ti"": 0.2}, ""B"": {""B"": 1.0}}",AlB2,AlB2,"{'A': 1, 'B': 2}","['https://doi.org/10.1016/j.jeurceramsoc.2019.05.017', 'https://doi.org/10.1038/srep37946', 'https://doi.org/10.1016/j.ceramint.2020.10.200', 'https://doi.org/10.1016/j.scriptamat.2019.01.021', 'https://doi.org/10.3390/ceramics4020010', 'https://doi.org/10.1016/j.scriptamat.2018.08.039']"
"{""A"": {""Mo"": 0.2, ""Nb"": 0.2, ""Ta"": 0.2, ""Ti"": 0.2, ""Zr"": 0.2}, ""B"": {""B"": 1.0}}",AlB2,AlB2,"{'A': 1, 'B': 2}","['https://doi.org/10.1038/srep37946', 'https://doi.org/10.1016/j.jeurceramsoc.2020.03.063']"
"{""A"": {""Cr"": 0.2, ""Hf"": 0.2, ""Ta"": 0.2, ""Ti"": 0.2, ""Zr"": 0.2}, ""B"": {""B"": 1.0}}",AlB2,AlB2,"{'A': 1, 'B': 2}","['https://doi.org/10.1016/j.jeurceramsoc.2019.10.051', 'https://doi.org/10.1038/srep37946', 'https://doi.org/10.1016/j.scriptamat.2021.113855', 'https://doi.org/10.1016/j.ceramint.2019.11.186', 'https://doi.org/10.1016/j.scriptamat.2019.01.021', 'https://doi.org/10.1016/j.jeurceramsoc.2020.08.071']"
"{""A"": {""Hf"": 0.19, ""Ta"": 0.24, ""Ti"": 0.2, ""V"": 0.14, ""Zr"": 0.23}, ""B"": {""B"": 1.0}}",AlB2,AlB2,"{'A': 1, 'B': 2}",['https://doi.org/10.1016/j.scriptamat.2018.02.008']
"{""A"": {""Hf"": 0.25, ""Nb"": 0.25, ""Ta"": 0.25, ""Ti"": 0.25}, ""B"": {""B"": 1.0}}",AlB2,AlB2,"{'A': 1, 'B': 2}","['https://doi.org/10.1111/jace.16746', 'https://doi.org/10.1111/jace.17184']"
"{""A"": {""Hf"": 0.2, ""Mo"": 0.2, ""Ti"": 0.2, ""W"": 0.2, ""Zr"": 0.2}, ""B"": {""B"": 1.0}}",AlB2,AlB2,"{'A': 1, 'B': 2}","['https://doi.org/10.1016/j.jeurceramsoc.2020.03.063', 'https://doi.org/10.1016/j.scriptamat.2021.113855', 'https://doi.org/10.1016/j.ceramint.2020.02.214', 'https://doi.org/10.1016/j.ceramint.2019.11.186']"
"{""A"": {""Cr"": 0.2, ""Mo"": 0.2, ""Ta"": 0.2, ""Ti"": 0.2, ""W"": 0.2}, ""B"": {""B"": 1.0}}",AlB2,AlB2,"{'A': 1, 'B': 2}",['https://doi.org/10.1016/j.jeurceramsoc.2020.03.063']
"{""A"": {""Hf"": 0.2, ""Nb"": 0.2, ""Ta"": 0.2, ""W"": 0.2, ""Zr"": 0.2}, ""B"": {""B"": 1.0}}",AlB2,AlB2,"{'A': 1, 'B': 2}","['https://doi.org/10.1016/j.jeurceramsoc.2021.04.004', 'https://doi.org/10.1016/j.jeurceramsoc.2020.03.063']"
"{""A"": {""Hf"": 0.225, ""Mo"": 0.225, ""Ta"": 0.225, ""W"": 0.1, ""Zr"": 0.225}, ""B"": {""B"": 1.0}}",AlB2,AlB2,"{'A': 1, 'B': 2}",['https://doi.org/10.1016/j.jeurceramsoc.2020.03.063']
"{""A"": {""Nb"": 0.25, ""Ta"": 0.25, ""Ti"": 0.25, ""Zr"": 0.25}, ""B"": {""B"": 1.0}}",AlB2,AlB2,"{'A': 1, 'B': 2}",['https://doi.org/10.1111/jace.17184']
"{""A"": {""Hf"": 0.25, ""Nb"": 0.25, ""Ta"": 0.25, ""Zr"": 0.25}, ""B"": {""B"": 1.0}}",AlB2,AlB2,"{'A': 1, 'B': 2}",['https://doi.org/10.1111/jace.17184']
"{""A"": {""Cr"": 0.25, ""Nb"": 0.25, ""Ta"": 0.25, ""Ti"": 0.25}, ""B"": {""B"": 1.0}}",AlB2,AlB2,"{'A': 1, 'B': 2}",['https://doi.org/10.1111/jace.17184']
"{""A"": {""Hf"": 0.25, ""Ta"": 0.25, ""Ti"": 0.25, ""Zr"": 0.25}, ""B"": {""B"": 1.0}}",AlB2,AlB2,"{'A': 1, 'B': 2}",['https://doi.org/10.1016/j.jeurceramsoc.2019.10.051']
"{""A"": {""Cr"": 0.25, ""Hf"": 0.25, ""Ti"": 0.25, ""Zr"": 0.25}, ""B"": {""B"": 1.0}}",AlB2,AlB2,"{'A': 1, 'B': 2}",['https://doi.org/10.1016/j.jeurceramsoc.2019.10.051']
"{""A"": {""Cr"": 0.25, ""Hf"": 0.25, ""Ta"": 0.25, ""Zr"": 0.25}, ""B"": {""B"": 1.0}}",AlB2,AlB2,"{'A': 1, 'B': 2}",['https://doi.org/10.1016/j.jeurceramsoc.2019.10.051']
"{""A"": {""Cr"": 0.25, ""Hf"": 0.25, ""Ta"": 0.25, ""Ti"": 0.25}, ""B"": {""B"": 1.0}}",AlB2,AlB2,"{'A': 1, 'B': 2}",['https://doi.org/10.1016/j.jeurceramsoc.2019.10.051']
"{""A"": {""Cr"": 0.25, ""Ta"": 0.25, ""Ti"": 0.25, ""Zr"": 0.25}, ""B"": {""B"": 1.0}}",AlB2,AlB2,"{'A': 1, 'B': 2}",['https://doi.org/10.1016/j.jeurceramsoc.2019.10.051']
"{""A"": {""Mo"": 0.2, ""Nb"": 0.2, ""Ta"": 0.2, ""Ti"": 0.2, ""W"": 0.2}, ""B"": {""B"": 1.0}}",AlB2,AlB2,"{'A': 1, 'B': 2}",['https://doi.org/10.1007/s40145-020-0373-x']
"{""A"": {""Hf"": 0.2, ""Mo"": 0.2, ""Nb"": 0.2, ""Ta"": 0.2, ""Zr"": 0.2}, ""B"": {""B"": 1.0}}",AlB2,AlB2,"{'A': 1, 'B': 2}",['https://doi.org/10.1016/j.ceramint.2020.11.108']
"{""A"": {""Hf"": 0.2, ""Ta"": 0.2, ""Ti"": 0.2, ""V"": 0.2, ""Zr"": 0.2}, ""B"": {""B"": 1.0}}",AlB2,AlB2,"{'A': 1, 'B': 2}",['https://doi.org/10.1016/j.scriptamat.2021.113855']
"{""A"": {""Hf"": 0.2, ""Ta"": 0.2, ""Ti"": 0.2, ""W"": 0.2, ""Zr"": 0.2}, ""B"": {""B"": 1.0}}",AlB2,AlB2,"{'A': 1, 'B': 2}",['https://doi.org/10.1016/j.scriptamat.2021.113855']
"{""A"": {""Hf"": 0.225, ""Mo"": 0.225, ""Nb"": 0.225, ""W"": 0.1, ""Zr"": 0.225}, ""B"": {""B"": 1.0}}",AlB2,AlB2,"{'A': 1, 'B': 2}",['https://doi.org/10.1016/j.jeurceramsoc.2021.04.004']
"{""A"": {""Co"": 0.2, ""Fe"": 0.2, ""Mn"": 0.2, ""Ni"": 0.2, ""V"": 0.2}, ""B"": {""Cl"": 1.0}}",CoCl2,CoCl2,"{'A': 1, 'B': 2}",['https://doi.org/10.1021/jacs.1c01580']
"{""A"": {""Co"": 0.25, ""Fe"": 0.25, ""Mn"": 0.25, ""Ni"": 0.25}, ""B"": {""Cl"": 1.0}}",CoCl2,CoCl2,"{'A': 1, 'B': 2}",['https://doi.org/10.1021/jacs.1c01580']
"{""A"": {""Co"": 0.25, ""Fe"": 0.25, ""Mn"": 0.25, ""V"": 0.25}, ""B"": {""Cl"": 1.0}}",CoCl2,CoCl2,"{'A': 1, 'B': 2}",['https://doi.org/10.1021/jacs.1c01580']
"{""A"": {""Co"": 0.2, ""Cr"": 0.2, ""Fe"": 0.2, ""Mn"": 0.2, ""V"": 0.2}, ""B"": {""I"": 1.0}}",CoCl2,CoCl2,"{'A': 1, 'B': 2}",['https://doi.org/10.1021/jacs.1c01580']
"{""A"": {""Cu"": 0.99}, ""B"": {""S"": 0.33, ""Se"": 0.33, ""Te"": 0.33}}",,Cu2S,"{'A': 2, 'B': 1}",['https://doi.org/10.1021/jacs.0c07803']
"{""A"": {""Ag"": 0.05, ""Cu"": 0.95}, ""B"": {""S"": 0.2, ""Se"": 1.0, ""Te"": 0.6}}",,Cu2S,"{'A': 2, 'B': 1}",['https://doi.org/10.1016/j.actamat.2021.117512']
"{""A"": {""Cu"": 0.955, ""Fe"": 0.015, ""Mn"": 0.015, ""Ni"": 0.015}, ""B"": {""Se"": 0.99, ""Te"": 0.01}}",,Cu2S,"{'A': 2, 'B': 1}",['https://doi.org/10.1021/acsaem.2c00949']
"{""A"": {""Ce"": 0.2, ""La"": 0.2, ""Pr"": 0.2, ""Sm"": 0.2, ""Y"": 0.2}, ""B"": {""O"": 0.875, ""X"": 0.125}}",CeO2,fluorite,"{'A': 1, 'B': 2}",['https://doi.org/10.1016/j.scriptamat.2019.02.039']
"{""A"": {""Ce"": 0.25, ""Hf"": 0.25, ""Y"": 0.25, ""Zr"": 0.25}, ""B"": {""O"": 0.875, ""X"": 0.125}}",CeO2,fluorite,"{'A': 1, 'B': 2}",['https://doi.org/10.1016/j.jeurceramsoc.2018.04.010']
"{""A"": {""Ce"": 0.25, ""Hf"": 0.25, ""Y"": 0.125, ""Yb"": 0.125, ""Zr"": 0.25}, ""B"": {""O"": 0.875, ""X"": 0.125}}",CeO2,fluorite,"{'A': 1, 'B': 2}",['https://doi.org/10.1016/j.jeurceramsoc.2018.04.010']
"{""A"": {""Ce"": 0.2, ""Hf"": 0.2, ""Y"": 0.2, ""Yb"": 0.2, ""Zr"": 0.2}, ""B"": {""O"": 0.875, ""X"": 0.125}}",CeO2,fluorite,"{'A': 1, 'B': 2}","['https://doi.org/10.1016/j.jeurceramsoc.2018.04.010', 'https://doi.org/10.1016/j.jeurceramsoc.2020.01.015']"
"{""A"": {""Ca"": 0.125, ""Ce"": 0.25, ""Hf"": 0.25, ""Y"": 0.125, ""Zr"": 0.25}, ""B"": {""O"": 0.875, ""X"": 0.125}}",CeO2,fluorite,"{'A': 1, 'B': 2}",['https://doi.org/10.1016/j.jeurceramsoc.2018.04.010']
"{""A"": {""Ce"": 0.2, ""Gd"": 0.2, ""Hf"": 0.2, ""Y"": 0.2, ""Zr"": 0.2}, ""B"": {""O"": 0.875, ""X"": 0.125}}",CeO2,fluorite,"{'A': 1, 'B': 2}","['https://doi.org/10.1016/j.jeurceramsoc.2018.04.010', 'https://doi.org/10.1016/j.jeurceramsoc.2020.01.015']"
"{""A"": {""Ce"": 0.25, ""Gd"": 0.125, ""Hf"": 0.25, ""Y"": 0.125, ""Zr"": 0.25}, ""B"": {""O"": 0.875, ""X"": 0.125}}",CeO2,fluorite,"{'A': 1, 'B': 2}",['https://doi.org/10.1016/j.jeurceramsoc.2018.04.010']
"{""A"": {""Ce"": 0.25, ""Gd"": 0.125, ""Hf"": 0.25, ""Yb"": 0.125, ""Zr"": 0.25}, ""B"": {""O"": 0.875, ""X"": 0.125}}",CeO2,fluorite,"{'A': 1, 'B': 2}",['https://doi.org/10.1016/j.jeurceramsoc.2018.04.010']
"{""A"": {""Ce"": 0.2, ""Gd"": 0.2, ""Hf"": 0.2, ""Yb"": 0.2, ""Zr"": 0.2}, ""B"": {""O"": 0.875, ""X"": 0.125}}",CeO2,fluorite,"{'A': 1, 'B': 2}",['https://doi.org/10.1016/j.jeurceramsoc.2018.04.010']
"{""A"": {""Ce"": 0.2, ""Gd"": 0.2, ""La"": 0.2, ""Y"": 0.2, ""Zr"": 0.2}, ""B"": {""O"": 0.875, ""X"": 0.125}}",CeO2,fluorite,"{'A': 1, 'B': 2}",['https://doi.org/10.3390/ma13030558']
"{""A"": {""Er"": 0.125, ""Hf"": 0.25, ""Lu"": 0.125, ""Y"": 0.125, ""Yb"": 0.125, ""Zr"": 0.25}, ""B"": {""O"": 0.875, ""X"": 0.125}}",CeO2,fluorite,"{'A': 1, 'B': 2}",['https://doi.org/10.1016/j.jmst.2019.08.018']
"{""A"": {""Ce"": 0.314, ""Hf"": 0.314, ""Y"": 0.029, ""Yb"": 0.029, ""Zr"": 0.314}, ""B"": {""O"": 0.875, ""X"": 0.125}}",CeO2,fluorite,"{'A': 1, 'B': 2}",['https://doi.org/10.1016/j.jeurceramsoc.2020.01.015']
"{""A"": {""Ce"": 0.284, ""Hf"": 0.284, ""Y"": 0.074, ""Yb"": 0.074, ""Zr"": 0.284}, ""B"": {""O"": 0.875, ""X"": 0.125}}",CeO2,fluorite,"{'A': 1, 'B': 2}",['https://doi.org/10.1016/j.jeurceramsoc.2020.01.015']
"{""A"": {""Ca"": 0.029, ""Ce"": 0.314, ""Hf"": 0.314, ""Y"": 0.029, ""Zr"": 0.314}, ""B"": {""O"": 0.875, ""X"": 0.125}}",CeO2,fluorite,"{'A': 1, 'B': 2}",['https://doi.org/10.1016/j.jeurceramsoc.2020.01.015']
"{""A"": {""Ca"": 0.074, ""Ce"": 0.284, ""Hf"": 0.284, ""Y"": 0.074, ""Zr"": 0.284}, ""B"": {""O"": 0.875, ""X"": 0.125}}",CeO2,fluorite,"{'A': 1, 'B': 2}",['https://doi.org/10.1016/j.jeurceramsoc.2020.01.015']
"{""A"": {""Ce"": 0.314, ""Gd"": 0.029, ""Hf"": 0.314, ""Y"": 0.029, ""Zr"": 0.314}, ""B"": {""O"": 0.875, ""X"": 0.125}}",CeO2,fluorite,"{'A': 1, 'B': 2}",['https://doi.org/10.1016/j.jeurceramsoc.2020.01.015']
"{""A"": {""Ce"": 0.284, ""Gd"": 0.074, ""Hf"": 0.284, ""Y"": 0.074, ""Zr"": 0.284}, ""B"": {""O"": 0.875, ""X"": 0.125}}",CeO2,fluorite,"{'A': 1, 'B': 2}",['https://doi.org/10.1016/j.jeurceramsoc.2020.01.015']
"{""A"": {""Ce"": 0.2, ""Gd"": 0.2, ""Nd"": 0.2, ""Pr"": 0.2, ""Sm"": 0.2}, ""B"": {""O"": 0.875, ""X"": 0.125}}",CeO2,fluorite,"{'A': 1, 'B': 2}",['https://doi.org/10.1016/j.jeurceramsoc.2020.07.014']
"{""A"": {""Ce"": 0.1, ""Gd"": 0.1, ""Mo"": 0.5, ""Nd"": 0.1, ""Pr"": 0.1, ""Sm"": 0.1}, ""B"": {""O"": 0.875, ""X"": 0.125}}",CeO2,fluorite,"{'A': 1, 'B': 2}",['https://doi.org/10.1016/j.jeurceramsoc.2020.07.014']
"{""A"": {""Ce"": 0.2, ""Gd"": 0.2, ""La"": 0.2, ""Nd"": 0.2, ""Pr"": 0.2}, ""B"": {""O"": 0.875, ""X"": 0.125}}",CeO2,fluorite,"{'A': 1, 'B': 2}",['https://doi.org/10.1016/j.jeurceramsoc.2020.07.014']
"{""A"": {""Ce"": 0.1, ""Gd"": 0.1, ""La"": 0.1, ""Mo"": 0.5, ""Nd"": 0.1, ""Pr"": 0.1}, ""B"": {""O"": 0.875, ""X"": 0.125}}",CeO2,fluorite,"{'A': 1, 'B': 2}",['https://doi.org/10.1016/j.jeurceramsoc.2020.07.014']
"{""A"": {""Ce"": 0.2, ""Hf"": 0.2, ""Sm"": 0.2, ""Y"": 0.2, ""Zr"": 0.2}, ""B"": {""O"": 0.9, ""X"": 0.1}}",CeO2,fluorite,"{'A': 1, 'B': 2}",['https://doi.org/10.1016/j.ceramint.2022.08.122']
"{""A"": {""Ce"": 0.2, ""Hf"": 0.2, ""La"": 0.2, ""Y"": 0.2, ""Zr"": 0.2}, ""B"": {""O"": 0.9, ""X"": 0.1}}",CeO2,fluorite,"{'A': 1, 'B': 2}",['https://doi.org/10.1016/j.ceramint.2022.08.122']
"{""A"": {""Ce"": 0.2, ""Hf"": 0.2, ""Nd"": 0.2, ""Y"": 0.2, ""Zr"": 0.2}, ""B"": {""O"": 0.9, ""X"": 0.1}}",CeO2,fluorite,"{'A': 1, 'B': 2}",['https://doi.org/10.1016/j.ceramint.2022.08.122']
"{""A"": {""Ce"": 0.2, ""Dy"": 0.2, ""Gd"": 0.2, ""Nd"": 0.2, ""Sm"": 0.2}, ""B"": {""O"": 1.0}}",CeO2,fluorite,"{'A': 1, 'B': 2}",['https://doi.org/10.1016/j.cej.2023.142649']
"{""A"": {""Ce"": 0.25, ""Hf"": 0.25, ""Y"": 0.25, ""Zr"": 0.25}, ""B"": {""O"": 1.0}}",CeO2,fluorite,"{'A': 1, 'B': 2}",['https://doi.org/10.1016/j.ceramint.2024.02.211']
"{""A"": {""Ca"": 0.25, ""Sr"": 0.25, ""Dy"": 0.1, ""Gd"": 0.1, ""Sm"": 0.1, ""Y"": 0.1, ""Yb"": 0.1}, ""B"": {""O"": 1.0}}",CeO2,fluorite,"{'A': 1, 'B': 2}",['https://doi.org/10.1016/j.ceramint.2023.09.316']
"{""A"": {""Ce"": 0.2, ""Hf"": 0.2, ""Y"": 0.2, ""Yb"": 0.2, ""Zr"": 0.2}, ""B"": {""O"": 1.0}}",CeO2,fluorite,"{'A': 1, 'B': 2}",['https://doi.org/10.1111/jace.17448']
"{""A"": {""Ce"": 0.1818, ""Gd"": 0.1818, ""Hf"": 0.1818, ""Pr"": 0.1818, ""Ti"": 0.0909, ""Y"": 0.1818}, ""B"": {""O"": 1.0}}",CeO2,fluorite,"{'A': 1, 'B': 2}",['https://doi.org/10.1016/j.revmat.2025.100067']
"{""A"": {""Ce"": 0.1887, ""Gd"": 0.1887, ""Hf"": 0.1887, ""Pr"": 0.1887, ""Ti"": 0.0566, ""Y"": 0.1887}, ""B"": {""O"": 1.0}}",CeO2,fluorite,"{'A': 1, 'B': 2}",['https://doi.org/10.1016/j.ceramint.2023.03.205']
"{""A"": {""Li"": 1.0}, ""B"": {""La"": 0.2, ""Nd"": 0.2, ""Sr"": 0.2, ""Ta"": 0.2, ""Zr"": 0.2}, ""C"": {""O"": 1.0}}",Y3Fe5O12,garnet,"{'A': 3, 'B': 2, 'C': 12}",['https://doi.org/10.1002/adfm.202416389']
"{""A"": {""Li"": 1.0}, ""B"": {""Hf"": 0.05, ""La"": 0.75, ""Nb"": 0.05, ""Ta"": 0.05, ""Ti"": 0.05, ""Zr"": 0.05}, ""C"": {""O"": 1.0}}",Y3Fe5O12,garnet,"{'A': 3, 'B': 2, 'C': 12}",['https://doi.org/10.26599/JAC.2023.9220749']
"{""A"": {""Li"": 1.0}, ""B"": {""Ga"": 0.0476, ""La"": 0.5714, ""Nb"": 0.0952, ""Sn"": 0.0952, ""Ti"": 0.0952, ""Zr"": 0.0952}, ""C"": {""O"": 1.0}}",Y3Fe5O12,garnet,"{'A': 3, 'B': 2, 'C': 12}",['https://doi.org/10.1016/j.jechem.2024.04.048']
"{""A"": {""Li"": 1.0}, ""B"": {""Hf"": 0.1, ""La"": 0.6, ""Nb"": 0.1, ""Ta"": 0.1, ""Zr"": 0.1}, ""C"": {""O"": 1.0}}",Y3Fe5O12,garnet,"{'A': 3, 'B': 2, 'C': 12}","['https://doi.org/10.1016/j.ceramint.2023.08.094', 'https://doi.org/10.1039/D5TA02665B', 'https://doi.org/10.1111/jace.18576']"
"{""A"": {""Li"": 1.0}, ""B"": {""La"": 0.6, ""Nb"": 0.08, ""Ta"": 0.08, ""W"": 0.04, ""Y"": 0.12, ""Zr"": 0.08}, ""C"": {""O"": 1.0}}",Y3Fe5O12,garnet,"{'A': 3, 'B': 2, 'C': 12}",['https://doi.org/10.1063/5.0123562']
"{""A"": {""Li"": 1.0}, ""B"": {""La"": 0.6, ""Nb"": 0.08, ""Ta"": 0.08, ""W"": 0.08, ""Y"": 0.08, ""Zr"": 0.08}, ""C"": {""O"": 1.0}}",Y3Fe5O12,garnet,"{'A': 3, 'B': 2, 'C': 12}",['https://doi.org/10.1063/5.0123562']
"{""A"": {""Li"": 1.0}, ""B"": {""La"": 0.6, ""Sb"": 0.1, ""Ta"": 0.1, ""Ti"": 0.06, ""Zr"": 0.14}, ""C"": {""O"": 1.0}}",Y3Fe5O12,garnet,"{'A': 3, 'B': 2, 'C': 12}",['https://doi.org/10.3389/fenrg.2024.1379576']
"{""A"": {""Li"": 1.0}, ""B"": {""Hf"": 0.08, ""La"": 0.6, ""Sc"": 0.04, ""Sn"": 0.08, ""Ta"": 0.12, ""Zr"": 0.08}, ""C"": {""O"": 1.0}}",Y3Fe5O12,garnet,"{'A': 3, 'B': 2, 'C': 12}","['https://doi.org/10.1002/adma.202509838', 'https://doi.org/10.1038/s41467-022-35287-1']"
"{""A"": {""Li"": 1.0}, ""B"": {""Hf"": 0.08, ""La"": 0.6, ""Sc"": 0.08, ""Sn"": 0.08, ""Ta"": 0.08, ""Zr"": 0.08}, ""C"": {""O"": 1.0}}",Y3Fe5O12,garnet,"{'A': 3, 'B': 2, 'C': 12}",['https://doi.org/10.1038/s41467-022-35287-1']
"{""A"": {""Li"": 1.0}, ""B"": {""Hf"": 0.1, ""La"": 0.6, ""Nb"": 0.1, ""Sc"": 0.1, ""Zr"": 0.1}, ""C"": {""O"": 1.0}}",Y3Fe5O12,garnet,"{'A': 3, 'B': 2, 'C': 12}",['https://doi.org/10.1038/s41467-022-35287-1']
"{""A"": {""Li"": 1.0}, ""B"": {""La"": 0.6, ""Nb"": 0.08, ""Sc"": 0.08, ""Sn"": 0.08, ""Ta"": 0.08, ""Zr"": 0.08}, ""C"": {""O"": 1.0}}",Y3Fe5O12,garnet,"{'A': 3, 'B': 2, 'C': 12}",['https://doi.org/10.1016/j.ensm.2023.103053']
"{""A"": {""Li"": 1.0}, ""B"": {""Ce"": 0.04, ""Hf"": 0.1, ""La"": 0.6, ""Nb"": 0.08, ""Ta"": 0.08, ""Zr"": 0.1}, ""C"": {""O"": 1.0}}",Y3Fe5O12,garnet,"{'A': 3, 'B': 2, 'C': 12}",['https://doi.org/10.1016/j.ensm.2025.104603']
"{""A"": {""Li"": 1.0}, ""B"": {""Hf"": 0.08, ""La"": 0.6, ""Nb"": 0.12, ""Sc"": 0.04, ""Sn"": 0.08, ""Zr"": 0.08}, ""C"": {""O"": 1.0}}",Y3Fe5O12,garnet,"{'A': 3, 'B': 2, 'C': 12}",['https://doi.org/10.1002/adma.202509838']
"{""A"": {""Dy"": 0.1667, ""Gd"": 0.1667, ""Lu"": 0.1667, ""Tb"": 0.1667, ""Tm"": 0.1667, ""Yb"": 0.1667}, ""B"": {""Si"": 1.0}, ""C"": {""O"": 1.0}}",Gd2Si2O7,Gd2Si2O7,"{'A': 2, 'B': 2, 'C': 7}",['https://doi.org/10.1080/21663831.2020.1783007']
"{""A"": {""Er"": 0.25, ""Sc"": 0.25, ""Y"": 0.25, ""Yb"": 0.25}, ""B"": {""Si"": 1.0}, ""C"": {""O"": 1.0}}",Gd2Si2O7,Gd2Si2O7,"{'A': 2, 'B': 2, 'C': 7}",['https://doi.org/10.1016/j.corsci.2021.109786']
"{""A"": {""Er"": 0.2, ""Lu"": 0.2, ""Sc"": 0.2, ""Tm"": 0.2, ""Yb"": 0.2}, ""B"": {""Si"": 1.0}, ""C"": {""O"": 1.0}}",Gd2Si2O7,Gd2Si2O7,"{'A': 2, 'B': 2, 'C': 7}","['https://doi.org/10.1016/j.jallcom.2024.174820', 'https://doi.org/10.1016/j.jeurceramsoc.2022.03.006', 'https://doi.org/10.1016/j.jeurceramsoc.2023.01.031', 'https://doi.org/10.1016/j.jeurceramsoc.2024.116931']"
"{""A"": {""Er"": 0.1667, ""Eu"": 0.1667, ""Gd"": 0.1667, ""Sc"": 0.1667, ""Y"": 0.1667, ""Yb"": 0.1667}, ""B"": {""Si"": 1.0}, ""C"": {""O"": 1.0}}",Gd2Si2O7,Gd2Si2O7,"{'A': 2, 'B': 2, 'C': 7}",['https://doi.org/10.1111/jace.18456']
"{""A"": {""Dy"": 0.2, ""Er"": 0.2, ""Lu"": 0.2, ""Y"": 0.2, ""Yb"": 0.2}, ""B"": {""Si"": 1.0}, ""C"": {""O"": 1.0}}",Gd2Si2O7,Gd2Si2O7,"{'A': 2, 'B': 2, 'C': 7}","['https://doi.org/10.1016/j.ceramint.2023.05.176', 'https://doi.org/10.1111/jace.18986']"
"{""A"": {""Gd"": 0.2, ""Lu"": 0.2, ""Sc"": 0.2, ""Tm"": 0.2, ""Yb"": 0.2}, ""B"": {""Si"": 1.0}, ""C"": {""O"": 1.0}}",Gd2Si2O7,Gd2Si2O7,"{'A': 2, 'B': 2, 'C': 7}",['https://doi.org/10.1016/j.jeurceramsoc.2023.11.025']
"{""A"": {""Dy"": 0.25, ""Er"": 0.25, ""Gd"": 0.25, ""Ho"": 0.25}, ""B"": {""Si"": 1.0}, ""C"": {""O"": 1.0}}",Gd2Si2O7,Gd2Si2O7,"{'A': 2, 'B': 2, 'C': 7}",['https://doi.org/10.1111/jace.20194']
"{""A"": {""Dy"": 0.25, ""Ho"": 0.25, ""Tm"": 0.25, ""Yb"": 0.25}, ""B"": {""Si"": 1.0}, ""C"": {""O"": 1.0}}",Gd2Si2O7,Gd2Si2O7,"{'A': 2, 'B': 2, 'C': 7}",['https://doi.org/10.1016/j.ceramint.2023.03.101']
"{""A"": {""Er"": 0.2, ""Ho"": 0.2, ""Lu"": 0.2, ""Sc"": 0.2, ""Yb"": 0.2}, ""B"": {""Si"": 1.0}, ""C"": {""O"": 1.0}}",Gd2Si2O7,Gd2Si2O7,"{'A': 2, 'B': 2, 'C': 7}",['https://doi.org/10.1016/j.ceramint.2024.04.057']
"{""A"": {""Er"": 0.2, ""Gd"": 0.2, ""Ho"": 0.2, ""Lu"": 0.2, ""Yb"": 0.2}, ""B"": {""Si"": 1.0}, ""C"": {""O"": 1.0}}",Gd2Si2O7,Gd2Si2O7,"{'A': 2, 'B': 2, 'C': 7}",['https://doi.org/10.1016/j.ceramint.2024.04.057']
"{""A"": {""Er"": 0.125, ""Lu"": 0.125, ""Y"": 0.375, ""Yb"": 0.375}, ""B"": {""Si"": 1.0}, ""C"": {""O"": 1.0}}",Gd2Si2O7,Gd2Si2O7,"{'A': 2, 'B': 2, 'C': 7}",['https://doi.org/10.1016/j.actamat.2023.119225']
"{""A"": {""Er"": 0.25, ""Lu"": 0.25, ""Y"": 0.25, ""Yb"": 0.25}, ""B"": {""Si"": 1.0}, ""C"": {""O"": 1.0}}",Gd2Si2O7,Gd2Si2O7,"{'A': 2, 'B': 2, 'C': 7}","['https://doi.org/10.1016/j.actamat.2023.119225', 'https://doi.org/10.1016/j.jeurceramsoc.2023.02.063', 'https://doi.org/10.1016/j.jeurceramsoc.2025.117606', 'https://doi.org/10.1111/jace.18930']"
"{""A"": {""Ce"": 0.125, ""Er"": 0.125, ""La"": 0.125, ""Lu"": 0.125, ""Y"": 0.25, ""Yb"": 0.25}, ""B"": {""Si"": 1.0}, ""C"": {""O"": 1.0}}",Gd2Si2O7,Gd2Si2O7,"{'A': 2, 'B': 2, 'C': 7}",['https://doi.org/10.1016/j.actamat.2023.119225']
"{""A"": {""Er"": 0.33, ""Sc"": 0.33, ""Yb"": 0.34}, ""B"": {""Si"": 1.0}, ""C"": {""O"": 1.0}}",Gd2Si2O7,Gd2Si2O7,"{'A': 2, 'B': 2, 'C': 7}",['https://doi.org/10.1016/j.jeurceramsoc.2024.116847']
"{""A"": {""Dy"": 0.1429, ""Er"": 0.1429, ""Gd"": 0.1429, ""Ho"": 0.1429, ""Lu"": 0.1429, ""Tm"": 0.1429, ""Yb"": 0.1429}, ""B"": {""Si"": 1.0}, ""C"": {""O"": 1.0}}",Gd2Si2O7,Gd2Si2O7,"{'A': 2, 'B': 2, 'C': 7}",['https://doi.org/10.1007/s40843-024-2998-6']
"{""A"": {""Er"": 0.2, ""Lu"": 0.2, ""Sc"": 0.2, ""Y"": 0.2, ""Yb"": 0.2}, ""B"": {""Si"": 1.0}, ""C"": {""O"": 1.0}}",Gd2Si2O7,Gd2Si2O7,"{'A': 2, 'B': 2, 'C': 7}","['https://doi.org/10.1016/j.ceramint.2024.08.298', 'https://doi.org/10.1016/j.ceramint.2024.12.487', 'https://doi.org/10.1016/j.jeurceramsoc.2025.117718', 'https://doi.org/10.1016/j.surfcoat.2025.131907']"
"{""A"": {""Lu"": 0.25, ""Sc"": 0.25, ""Tm"": 0.25, ""Yb"": 0.25}, ""B"": {""Si"": 1.0}, ""C"": {""O"": 1.0}}",Gd2Si2O7,Gd2Si2O7,"{'A': 2, 'B': 2, 'C': 7}",['https://doi.org/10.1111/ijac.14578']
"{""A"": {""Er"": 0.2, ""Lu"": 0.2, ""Sm"": 0.2, ""Y"": 0.2, ""Yb"": 0.2}, ""B"": {""Si"": 1.0}, ""C"": {""O"": 1.0}}",Gd2Si2O7,Gd2Si2O7,"{'A': 2, 'B': 2, 'C': 7}",['https://doi.org/10.1016/j.ceramint.2024.08.298']
"{""A"": {""Gd"": 0.2, ""Lu"": 0.2, ""Sc"": 0.2, ""Y"": 0.2, ""Yb"": 0.2}, ""B"": {""Si"": 1.0}, ""C"": {""O"": 1.0}}",Gd2Si2O7,Gd2Si2O7,"{'A': 2, 'B': 2, 'C': 7}","['https://doi.org/10.1007/s40145-021-0517-7', 'https://doi.org/10.1016/j.jeurceramsoc.2019.02.022']"
"{""A"": {""Er"": 0.2, ""Gd"": 0.2, ""Tm"": 0.2, ""Y"": 0.2, ""Yb"": 0.2}, ""B"": {""Si"": 1.0}, ""C"": {""O"": 1.0}}",Gd2Si2O7,Gd2Si2O7,"{'A': 2, 'B': 2, 'C': 7}",['https://doi.org/10.1016/j.jmrt.2023.11.249']
"{""A"": {""Er"": 0.25, ""Lu"": 0.25, ""Tm"": 0.25, ""Yb"": 0.25}, ""B"": {""Si"": 1.0}, ""C"": {""O"": 1.0}}",Gd2Si2O7,Gd2Si2O7,"{'A': 2, 'B': 2, 'C': 7}","['https://doi.org/10.1002/advs.202400736', 'https://doi.org/10.1016/j.corsci.2020.108881']"
"{""A"": {""Er"": 0.2, ""Ho"": 0.2, ""Lu"": 0.2, ""Tb"": 0.2, ""Yb"": 0.2}, ""B"": {""C"": 0.5, ""Si"": 0.5}, ""C"": {""O"": 1.0}}",Gd2Si2O7,Gd2Si2O7,"{'A': 2, 'B': 2, 'C': 7}",['https://doi.org/10.1016/j.ceramint.2025.05.433']
"{""A"": {""Er"": 0.25, ""Ho"": 0.25, ""Y"": 0.25, ""Yb"": 0.25}, ""B"": {""Si"": 1.0}, ""C"": {""O"": 1.0}}",Gd2SiO5,Gd2SiO5,"{'A': 2, 'B': 1, 'C': 5}","['https://doi.org/10.1016/j.ceramint.2023.11.182', 'https://doi.org/10.1016/j.scriptamat.2019.04.018', 'https://doi.org/10.1111/ijac.14953']"
"{""A"": {""Dy"": 0.1667, ""Er"": 0.1667, ""Nd"": 0.1667, ""Sc"": 0.1667, ""Y"": 0.1667, ""Yb"": 0.1667}, ""B"": {""Si"": 1.0}, ""C"": {""O"": 1.0}}",Gd2SiO5,Gd2SiO5,"{'A': 2, 'B': 1, 'C': 5}",['https://doi.org/10.1016/j.actamat.2020.06.012']
"{""A"": {""Er"": 0.2, ""Ho"": 0.2, ""Lu"": 0.2, ""Y"": 0.2, ""Yb"": 0.2}, ""B"": {""Si"": 1.0}, ""C"": {""O"": 1.0}}",Gd2SiO5,Gd2SiO5,"{'A': 2, 'B': 1, 'C': 5}","['https://doi.org/10.1016/j.corsci.2023.111221', 'https://doi.org/10.1016/j.jeurceramsoc.2021.07.029', 'https://doi.org/10.1016/j.jeurceramsoc.2024.116931', 'https://doi.org/10.1111/jace.18930']"
"{""A"": {""Dy"": 0.2, ""Er"": 0.2, ""Ho"": 0.2, ""Y"": 0.2, ""Yb"": 0.2}, ""B"": {""Si"": 1.0}, ""C"": {""O"": 1.0}}",Gd2SiO5,Gd2SiO5,"{'A': 2, 'B': 1, 'C': 5}",['https://doi.org/10.1016/j.jeurceramsoc.2021.07.029']
"{""A"": {""Er"": 0.2, ""Gd"": 0.2, ""Lu"": 0.2, ""Y"": 0.2, ""Yb"": 0.2}, ""B"": {""Si"": 1.0}, ""C"": {""O"": 1.0}}",Gd2SiO5,Gd2SiO5,"{'A': 2, 'B': 1, 'C': 5}",['https://doi.org/10.1016/j.jeurceramsoc.2021.07.029']
"{""A"": {""Dy"": 0.2, ""Er"": 0.2, ""Gd"": 0.2, ""Y"": 0.2, ""Yb"": 0.2}, ""B"": {""Si"": 1.0}, ""C"": {""O"": 1.0}}",Gd2SiO5,Gd2SiO5,"{'A': 2, 'B': 1, 'C': 5}","['https://doi.org/10.1016/j.apsusc.2025.163310', 'https://doi.org/10.1016/j.jeurceramsoc.2021.07.029']"
"{""A"": {""Dy"": 0.25, ""Er"": 0.25, ""Ho"": 0.25, ""Y"": 0.25}, ""B"": {""Si"": 1.0}, ""C"": {""O"": 1.0}}",Gd2SiO5,Gd2SiO5,"{'A': 2, 'B': 1, 'C': 5}",['https://doi.org/10.1016/j.ceramint.2021.08.160']
"{""A"": {""Dy"": 0.25, ""Er"": 0.25, ""Ho"": 0.25, ""Yb"": 0.25}, ""B"": {""Si"": 1.0}, ""C"": {""O"": 1.0}}",Gd2SiO5,Gd2SiO5,"{'A': 2, 'B': 1, 'C': 5}",['https://doi.org/10.1016/j.ceramint.2021.08.160']
"{""A"": {""Dy"": 0.2, ""Er"": 0.2, ""Ho"": 0.2, ""Tm"": 0.2, ""Yb"": 0.2}, ""B"": {""Si"": 1.0}, ""C"": {""O"": 1.0}}",Gd2SiO5,Gd2SiO5,"{'A': 2, 'B': 1, 'C': 5}",['https://doi.org/10.1016/j.jallcom.2022.164334']
"{""A"": {""Dy"": 0.2, ""Er"": 0.2, ""Ho"": 0.2, ""Lu"": 0.2, ""Y"": 0.2}, ""B"": {""Si"": 1.0}, ""C"": {""O"": 1.0}}",Gd2SiO5,Gd2SiO5,"{'A': 2, 'B': 1, 'C': 5}",['https://doi.org/10.1016/j.jallcom.2022.164334']
"{""A"": {""Er"": 0.1667, ""Ho"": 0.1667, ""Lu"": 0.1667, ""Tm"": 0.1667, ""Y"": 0.1667, ""Yb"": 0.1667}, ""B"": {""Si"": 1.0}, ""C"": {""O"": 1.0}}",Gd2SiO5,Gd2SiO5,"{'A': 2, 'B': 1, 'C': 5}","['https://doi.org/10.1016/j.ceramint.2022.08.122', 'https://doi.org/10.1016/j.jeurceramsoc.2023.10.013', 'https://doi.org/10.1016/j.jeurceramsoc.2025.117276']"
"{""A"": {""Eu"": 0.25, ""Ho"": 0.25, ""Lu"": 0.25, ""Yb"": 0.25}, ""B"": {""Si"": 1.0}, ""C"": {""O"": 1.0}}",Gd2SiO5,Gd2SiO5,"{'A': 2, 'B': 1, 'C': 5}",['https://doi.org/10.1007/s40145-022-0609-z']
"{""A"": {""Er"": 0.25, ""Lu"": 0.25, ""Y"": 0.25, ""Yb"": 0.25}, ""B"": {""Si"": 1.0}, ""C"": {""O"": 1.0}}",Gd2SiO5,Gd2SiO5,"{'A': 2, 'B': 1, 'C': 5}","['https://doi.org/10.1016/j.actamat.2023.119225', 'https://doi.org/10.1016/j.jeurceramsoc.2023.02.063', 'https://doi.org/10.1016/j.jeurceramsoc.2025.117606', 'https://doi.org/10.1111/jace.18930']"
"{""A"": {""Dy"": 0.2, ""Er"": 0.2, ""Tm"": 0.2, ""Y"": 0.2, ""Yb"": 0.2}, ""B"": {""Si"": 1.0}, ""C"": {""O"": 1.0}}",Gd2SiO5,Gd2SiO5,"{'A': 2, 'B': 1, 'C': 5}","['https://doi.org/10.1016/j.ceramint.2024.09.026', 'https://doi.org/10.1016/j.surfcoat.2023.129618']"
"{""A"": {""Er"": 0.2, ""Eu"": 0.2, ""Sm"": 0.2, ""Y"": 0.2, ""Yb"": 0.2}, ""B"": {""Si"": 1.0}, ""C"": {""O"": 1.0}}",Gd2SiO5,Gd2SiO5,"{'A': 2, 'B': 1, 'C': 5}",['https://doi.org/10.1016/j.ceramint.2023.10.321']
"{""A"": {""Nd"": 0.3333, ""Tm"": 0.3333, ""Yb"": 0.3333}, ""B"": {""Si"": 1.0}, ""C"": {""O"": 1.0}}",Gd2SiO5,Gd2SiO5,"{'A': 2, 'B': 1, 'C': 5}",['https://doi.org/10.1002/advs.202400736']
"{""A"": {""Er"": 0.6, ""Lu"": 0.1333, ""Nd"": 0.1333, ""Yb"": 0.1333}, ""B"": {""Si"": 1.0}, ""C"": {""O"": 1.0}}",Gd2SiO5,Gd2SiO5,"{'A': 2, 'B': 1, 'C': 5}",['https://doi.org/10.1016/j.jmat.2025.101123']
"{""A"": {""Er"": 0.2, ""Ho"": 0.2, ""Lu"": 0.2, ""Tm"": 0.2, ""Yb"": 0.2}, ""B"": {""Si"": 1.0}, ""C"": {""O"": 1.0}}",Gd2SiO5,Gd2SiO5,"{'A': 2, 'B': 1, 'C': 5}",['https://doi.org/10.1016/j.corsci.2025.113037']
"{""A"": {""Er"": 0.3333, ""Ho"": 0.3333, ""Yb"": 0.3333}, ""B"": {""Si"": 1.0}, ""C"": {""O"": 1.0}}",Gd2SiO5,Gd2SiO5,"{'A': 2, 'B': 1, 'C': 5}",['https://doi.org/10.1016/j.ceramint.2024.04.146']
"{""A"": {""Er"": 0.25, ""Lu"": 0.25, ""Tm"": 0.25, ""Y"": 0.25}, ""B"": {""Si"": 1.0}, ""C"": {""O"": 1.0}}",Gd2SiO5,Gd2SiO5,"{'A': 2, 'B': 1, 'C': 5}",['https://doi.org/10.1016/j.ceramint.2024.04.146']
"{""A"": {""Dy"": 0.3333, ""Er"": 0.3333, ""Yb"": 0.3333}, ""B"": {""Si"": 1.0}, ""C"": {""O"": 1.0}}",Gd2SiO5,Gd2SiO5,"{'A': 2, 'B': 1, 'C': 5}",['https://doi.org/10.1016/j.ceramint.2024.04.146']
"{""A"": {""Dy"": 0.2, ""Er"": 0.2, ""Sc"": 0.2, ""Y"": 0.2, ""Yb"": 0.2}, ""B"": {""Si"": 1.0}, ""C"": {""O"": 1.0}}",Gd2SiO5,Gd2SiO5,"{'A': 2, 'B': 1, 'C': 5}",['https://doi.org/10.1111/jace.70070']
"{""A"": {""Al"": 0.02, ""Ta"": 0.01, ""Ti"": 0.57, ""Zr"": 0.4}, ""B"": {""Ni"": 1.0}, ""C"": {""Sb"": 0.02, ""Sn"": 0.98}}",,Half-Heusler,"{'A': 1, 'B': 1, 'C': 1}",['https://doi.org/10.1039/D3TA00631J']
"{""A"": {""Fe"": 1.0}, ""B"": {""Nb"": 0.32, ""Ti"": 0.2, ""V"": 0.48}, ""C"": {""Sb"": 1.0}}",,Half-Heusler,"{'A': 1, 'B': 1, 'C': 1}",['https://doi.org/10.1002/aenm.201400600']
"{""A"": {""Hf"": 0.1667, ""Nb"": 0.1667, ""Ta"": 0.1667, ""Ti"": 0.1667, ""V"": 0.1667, ""Zr"": 0.1667}, ""B"": {""Co"": 0.4, ""Fe"": 0.6}, ""C"": {""Sb"": 1.0}}",,Half-Heusler,"{'A': 1, 'B': 1, 'C': 1}",['https://doi.org/10.1016/j.jallcom.2021.162045']
"{""A"": {""Hf"": 0.1667, ""Nb"": 0.1667, ""Ta"": 0.1667, ""Ti"": 0.1667, ""V"": 0.1667, ""Zr"": 0.1667}, ""B"": {""Co"": 1.0}, ""C"": {""Sb"": 1.0}}",,Half-Heusler,"{'A': 1, 'B': 1, 'C': 1}",['https://doi.org/10.1016/j.jallcom.2021.162045']
"{""A"": {""Ti"": 1.0}, ""B"": {""Co"": 0.33, ""Fe"": 0.48, ""Ni"": 0.18}, ""C"": {""Sb"": 1.0}}",,Half-Heusler,"{'A': 1, 'B': 1, 'C': 1}",['https://doi.org/10.1016/j.mtphys.2022.100745']
"{""A"": {""Ti"": 1.0}, ""B"": {""Co"": 0.33, ""Fe"": 0.18, ""Ni"": 0.48}, ""C"": {""Sb"": 1.0}}",,Half-Heusler,"{'A': 1, 'B': 1, 'C': 1}",['https://doi.org/10.1016/j.mtphys.2022.100745']
"{""A"": {""K"": 0.45}, ""B"": {""Co"": 0.1, ""Cu"": 0.1, ""Mg"": 0.1, ""Mn"": 0.6, ""Ti"": 0.1}, ""C"": {""O"": 1.0}}",,KCoO2,"{'A': 1, 'B': 1, 'C': 2}",['https://doi.org/10.1002/smtd.202300893']
"{""A"": {""K"": 0.45}, ""B"": {""Co"": 0.075, ""Cu"": 0.05, ""Fe"": 0.075, ""Mg"": 0.025, ""Mn"": 0.6, ""Ni"": 0.075, ""Ti"": 0.1}, ""C"": {""O"": 1.0}}",,KCoO2,"{'A': 1, 'B': 1, 'C': 2}",['https://doi.org/10.1021/acsnano.3c06393']
"{""A"": {""K"": 0.27}, ""B"": {""Co"": 0.02, ""Fe"": 0.02, ""Mg"": 0.02, ""Mn"": 0.9, ""Ni"": 0.02, ""Zn"": 0.02}, ""C"": {""O"": 1.0}}",,KCoO2,"{'A': 1, 'B': 1, 'C': 2}",['https://doi.org/10.1016/j.apcatb.2024.123996']
"{""A"": {""K"": 0.6}, ""B"": {""Fe"": 0.05, ""Mg"": 0.05, ""Mn"": 0.0725, ""Ni"": 0.05, ""Ti"": 0.05}, ""C"": {""O"": 1.0}}",,KCoO2,"{'A': 1, 'B': 1, 'C': 2}",['https://doi.org/10.1021/acsami.3c11059']
"{""A"": {""K"": 0.7}, ""B"": {""Co"": 0.1, ""Fe"": 0.05, ""Mn"": 0.75, ""Ni"": 0.05, ""V"": 0.05}, ""C"": {""O"": 1.0}}",,KCoO2,"{'A': 1, 'B': 1, 'C': 2}",['https://doi.org/10.1016/j.cej.2023.143331']
"{""A"": {""Gd"": 0.2, ""Nd"": 0.2, ""Sm"": 0.2, ""Tb"": 0.2, ""Y"": 0.2}, ""B"": {""B"": 1.0}}",LaB4,LaB4,"{'A': 1, 'B': 4}",['https://doi.org/10.1016/j.jeurceramsoc.2020.12.019']
"{""A"": {""Cr"": 0.2, ""Mo"": 0.2, ""Nb"": 0.2, ""Ta"": 0.2, ""V"": 0.2}, ""B"": {""B"": 1.0}}",LaB4,LaB4,"{'A': 1, 'B': 4}",['https://doi.org/10.1007/s40145-020-0438-x']
"{""A"": {""Cr"": 0.2, ""Nb"": 0.2, ""Ta"": 0.2, ""V"": 0.2, ""W"": 0.2}, ""B"": {""B"": 1.0}}",LaB4,LaB4,"{'A': 1, 'B': 4}",['https://doi.org/10.1007/s40145-020-0438-x']
"{""A"": {""Ce"": 0.2, ""Er"": 0.2, ""Sm"": 0.2, ""Y"": 0.2, ""Yb"": 0.2}, ""B"": {""B"": 1.0}}",LaB6,LaB6,"{'A': 1, 'B': 6}",['https://doi.org/10.1007/s40145-020-0417-2']
"{""A"": {""Ce"": 0.2, ""Er"": 0.2, ""Eu"": 0.2, ""Sm"": 0.2, ""Yb"": 0.2}, ""B"": {""B"": 1.0}}",LaB6,LaB6,"{'A': 1, 'B': 6}",['https://doi.org/10.1007/s40145-020-0417-2']
"{""A"": {""Ce"": 0.2, ""Er"": 0.2, ""Eu"": 0.2, ""Y"": 0.2, ""Yb"": 0.2}, ""B"": {""B"": 1.0}}",LaB6,LaB6,"{'A': 1, 'B': 6}",['https://doi.org/10.1007/s40145-020-0417-2']
"{""A"": {""Ce"": 0.2, ""Eu"": 0.2, ""Sm"": 0.2, ""Y"": 0.2, ""Yb"": 0.2}, ""B"": {""B"": 1.0}}",LaB6,LaB6,"{'A': 1, 'B': 6}",['https://doi.org/10.1007/s40145-020-0417-2']
"{""A"": {""Eu"": 0.2, ""Nd"": 0.2, ""Sm"": 0.2, ""Y"": 0.2, ""Yb"": 0.2}, ""B"": {""B"": 1.0}}",LaB6,LaB6,"{'A': 1, 'B': 6}","['https://doi.org/10.1007/s40145-020-0417-2', 'https://doi.org/10.1016/j.jmst.2019.09.006']"
"{""A"": {""Gd"": 0.2, ""Nd"": 0.2, ""Sm"": 0.2, ""Y"": 0.2, ""Yb"": 0.2}, ""B"": {""B"": 1.0}}",LaB6,LaB6,"{'A': 1, 'B': 6}",['https://doi.org/10.1016/j.jeurceramsoc.2021.05.027']
"{""A"": {""Dy"": 0.2, ""La"": 0.2, ""Pr"": 0.2, ""Y"": 0.2, ""Yb"": 0.2}, ""B"": {""B"": 1.0}}",LaB6,LaB6,"{'A': 1, 'B': 6}",['https://doi.org/10.1016/j.jeurceramsoc.2021.05.027']
"{""A"": {""Gd"": 0.2, ""La"": 0.2, ""Nd"": 0.2, ""Sm"": 0.2, ""Yb"": 0.2}, ""B"": {""B"": 1.0}}",LaB6,LaB6,"{'A': 1, 'B': 6}",['https://doi.org/10.1016/j.jeurceramsoc.2021.05.027']
"{""A"": {""Gd"": 0.2, ""La"": 0.2, ""Nd"": 0.2, ""Sm"": 0.2, ""Y"": 0.2}, ""B"": {""B"": 1.0}}",LaB6,LaB6,"{'A': 1, 'B': 6}",['https://doi.org/10.1016/j.jeurceramsoc.2021.05.027']
"{""A"": {""La"": 0.2, ""Nd"": 0.2, ""Sm"": 0.2, ""Tb"": 0.2, ""Y"": 0.2}, ""B"": {""B"": 1.0}}",LaB6,LaB6,"{'A': 1, 'B': 6}",['https://doi.org/10.1016/j.jeurceramsoc.2021.05.027']
"{""A"": {""La"": 0.2, ""Nd"": 0.2, ""Pr"": 0.2, ""Sm"": 0.2, ""Tb"": 0.2}, ""B"": {""B"": 1.0}}",LaB6,LaB6,"{'A': 1, 'B': 6}",['https://doi.org/10.1016/j.jeurceramsoc.2021.05.027']
"{""A"": {""Dy"": 0.125, ""Er"": 0.125, ""Gd"": 0.125, ""Lu"": 0.125, ""Nd"": 0.125, ""Sm"": 0.125, ""Y"": 0.125, ""Yb"": 0.125}, ""B"": {""Ta"": 1.0}, ""C"": {""O"": 1.0}}",,LaTaO4,,['https://doi.org/10.26599/JAC.2024.9221000']
"{""A"": {""Dy"": 0.2, ""Eu"": 0.2, ""Gd"": 0.2, ""Nd"": 0.2, ""Sm"": 0.2}, ""B"": {""Ta"": 1.0}, ""C"": {""O"": 1.0}}",,LaTaO4,,['https://doi.org/10.1016/j.jallcom.2023.172942']
"{""A"": {""Dy"": 0.1, ""Er"": 0.1, ""Gd"": 0.1, ""Ho"": 0.1, ""Lu"": 0.1, ""Nd"": 0.1, ""Sm"": 0.1, ""Tm"": 0.1, ""Y"": 0.1, ""Yb"": 0.1}, ""B"": {""Ta"": 1.0}, ""C"": {""O"": 1.0}}",,LaTaO4,,['https://doi.org/10.1016/j.jmst.2022.12.027']
"{""A"": {""Dy"": 0.2, ""Er"": 0.2, ""Ho"": 0.2, ""Nd"": 0.2, ""Y"": 0.2}, ""B"": {""Ta"": 1.0}, ""C"": {""O"": 1.0}}",,LaTaO4,,['https://doi.org/10.1007/s11666-025-02033-0']
"{""A"": {""Dy"": 0.1667, ""Eu"": 0.1667, ""Gd"": 0.1667, ""La"": 0.1667, ""Nd"": 0.1667, ""Sm"": 0.1667}, ""B"": {""Ta"": 1.0}, ""C"": {""O"": 1.0}}",,LaTaO4,,['https://doi.org/10.1002/advs.202400736']
"{""A"": {""Dy"": 0.2, ""Gd"": 0.2, ""La"": 0.2, ""Sm"": 0.2, ""Y"": 0.2}, ""B"": {""Ta"": 1.0}, ""C"": {""O"": 1.0}}",,LaTaO4,,['https://doi.org/10.1016/j.ceramint.2024.12.509']
"{""A"": {""Ce"": 0.2, ""Eu"": 0.2, ""Gd"": 0.2, ""La"": 0.2, ""Sm"": 0.2}, ""B"": {""P"": 1.0}, ""C"": {""O"": 1.0}}",,LaTaO4,,['https://doi.org/10.1016/j.ceramint.2023.09.281']
"{""A"": {""Ce"": 0.2, ""Dy"": 0.2, ""Gd"": 0.2, ""Y"": 0.2, ""Yb"": 0.2}, ""B"": {""Ta"": 1.0}, ""C"": {""O"": 1.0}}",,LaTaO4,,['https://doi.org/10.1016/j.ceramint.2024.12.509']
"{""A"": {""Gd"": 0.3333, ""Y"": 0.3333, ""Yb"": 0.3333}, ""B"": {""Nb"": 1.0}, ""C"": {""O"": 1.0}}",,LaTaO4,,['https://doi.org/10.1016/j.ceramint.2025.09.350']
"{""A"": {""Dy"": 0.1667, ""Er"": 0.1667, ""Gd"": 0.1667, ""Sm"": 0.1667, ""Y"": 0.1667, ""Yb"": 0.1667}, ""B"": {""Ta"": 1.0}, ""C"": {""O"": 1.0}}",,LaTaO4,,['https://doi.org/10.1016/j.actamat.2024.120523']
"{""A"": {""Cr"": 0.25, ""Mo"": 0.25, ""Ti"": 0.25, ""V"": 0.25}, ""B"": {""Al"": 1.0}, ""C"": {""C"": 1.0}}",,MAX,"{'A': 4, 'B': 1, 'C': 3}",['https://doi.org/10.1126/science.adv4415']
"{""A"": {""Cr"": 0.25, ""Ti"": 0.25, ""V"": 0.25, ""W"": 0.25}, ""B"": {""Al"": 1.0}, ""C"": {""C"": 1.0}}",,MAX,"{'A': 4, 'B': 1, 'C': 3}",['https://doi.org/10.1126/science.adv4415']
"{""A"": {""Cr"": 0.25, ""Mo"": 0.25, ""Ti"": 0.25, ""W"": 0.25}, ""B"": {""Al"": 1.0}, ""C"": {""C"": 1.0}}",,MAX,"{'A': 4, 'B': 1, 'C': 3}",['https://doi.org/10.1126/science.adv4415']
"{""A"": {""Mo"": 0.25, ""Ti"": 0.25, ""V"": 0.25, ""Zr"": 0.25}, ""B"": {""Al"": 1.0}, ""C"": {""C"": 1.0}}",,MAX,"{'A': 4, 'B': 1, 'C': 3}",['https://doi.org/10.1126/science.adv4415']
"{""A"": {""Ti"": 0.25, ""V"": 0.25, ""W"": 0.25, ""Zr"": 0.25}, ""B"": {""Al"": 1.0}, ""C"": {""C"": 1.0}}",,MAX,"{'A': 4, 'B': 1, 'C': 3}",['https://doi.org/10.1126/science.adv4415']
"{""A"": {""Mo"": 0.25, ""Nb"": 0.25, ""Ti"": 0.25, ""V"": 0.25}, ""B"": {""Al"": 1.0}, ""C"": {""C"": 1.0}}",,MAX,"{'A': 4, 'B': 1, 'C': 3}",['https://doi.org/10.1126/science.adv4415']
"{""A"": {""Nb"": 0.25, ""Ta"": 0.25, ""Ti"": 0.25, ""V"": 0.25}, ""B"": {""Al"": 1.0}, ""C"": {""C"": 1.0}}",,MAX,"{'A': 4, 'B': 1, 'C': 3}",['https://doi.org/10.1126/science.adv4415']
"{""A"": {""Nb"": 0.25, ""Ti"": 0.25, ""V"": 0.25, ""W"": 0.25}, ""B"": {""Al"": 1.0}, ""C"": {""C"": 1.0}}",,MAX,"{'A': 4, 'B': 1, 'C': 3}",['https://doi.org/10.1126/science.adv4415']
"{""A"": {""Mo"": 0.25, ""Ti"": 0.25, ""V"": 0.25, ""W"": 0.25}, ""B"": {""Al"": 1.0}, ""C"": {""C"": 1.0}}",,MAX,"{'A': 4, 'B': 1, 'C': 3}",['https://doi.org/10.1126/science.adv4415']
"{""A"": {""Hf"": 0.25, ""Ti"": 0.25, ""V"": 0.25, ""W"": 0.25}, ""B"": {""Al"": 1.0}, ""C"": {""C"": 1.0}}",,MAX,"{'A': 4, 'B': 1, 'C': 3}",['https://doi.org/10.1126/science.adv4415']
"{""A"": {""Ta"": 0.25, ""Ti"": 0.25, ""V"": 0.25, ""W"": 0.25}, ""B"": {""Al"": 1.0}, ""C"": {""C"": 1.0}}",,MAX,"{'A': 4, 'B': 1, 'C': 3}",['https://doi.org/10.1126/science.adv4415']
"{""A"": {""Cr"": 0.2, ""Ti"": 0.2, ""V"": 0.2, ""W"": 0.2, ""Zr"": 0.2}, ""B"": {""Al"": 1.0}, ""C"": {""C"": 1.0}}",,MAX,"{'A': 4, 'B': 1, 'C': 3}",['https://doi.org/10.1126/science.adv4415']
"{""A"": {""Cr"": 0.2, ""Nb"": 0.2, ""Ti"": 0.2, ""V"": 0.2, ""W"": 0.2}, ""B"": {""Al"": 1.0}, ""C"": {""C"": 1.0}}",,MAX,"{'A': 4, 'B': 1, 'C': 3}",['https://doi.org/10.1126/science.adv4415']
"{""A"": {""Cr"": 0.2, ""Mo"": 0.2, ""Ti"": 0.2, ""V"": 0.2, ""W"": 0.2}, ""B"": {""Al"": 1.0}, ""C"": {""C"": 1.0}}",,MAX,"{'A': 4, 'B': 1, 'C': 3}",['https://doi.org/10.1126/science.adv4415']
"{""A"": {""Cr"": 0.2, ""Hf"": 0.2, ""Ti"": 0.2, ""V"": 0.2, ""W"": 0.2}, ""B"": {""Al"": 1.0}, ""C"": {""C"": 1.0}}",,MAX,"{'A': 4, 'B': 1, 'C': 3}",['https://doi.org/10.1126/science.adv4415']
"{""A"": {""Cr"": 0.2, ""Ta"": 0.2, ""Ti"": 0.2, ""V"": 0.2, ""W"": 0.2}, ""B"": {""Al"": 1.0}, ""C"": {""C"": 1.0}}",,MAX,"{'A': 4, 'B': 1, 'C': 3}",['https://doi.org/10.1126/science.adv4415']
"{""A"": {""Mo"": 0.2, ""Ti"": 0.2, ""V"": 0.2, ""W"": 0.2, ""Zr"": 0.2}, ""B"": {""Al"": 1.0}, ""C"": {""C"": 1.0}}",,MAX,"{'A': 4, 'B': 1, 'C': 3}",['https://doi.org/10.1126/science.adv4415']
"{""A"": {""Mo"": 0.2, ""Nb"": 0.2, ""Ti"": 0.2, ""V"": 0.2, ""W"": 0.2}, ""B"": {""Al"": 1.0}, ""C"": {""C"": 1.0}}",,MAX,"{'A': 4, 'B': 1, 'C': 3}",['https://doi.org/10.1126/science.adv4415']
"{""A"": {""Hf"": 0.2, ""Nb"": 0.2, ""Ti"": 0.2, ""V"": 0.2, ""W"": 0.2}, ""B"": {""Al"": 1.0}, ""C"": {""C"": 1.0}}",,MAX,"{'A': 4, 'B': 1, 'C': 3}",['https://doi.org/10.1126/science.adv4415']
"{""A"": {""Nb"": 0.2, ""Ta"": 0.2, ""Ti"": 0.2, ""V"": 0.2, ""W"": 0.2}, ""B"": {""Al"": 1.0}, ""C"": {""C"": 1.0}}",,MAX,"{'A': 4, 'B': 1, 'C': 3}",['https://doi.org/10.1126/science.adv4415']
"{""A"": {""Mo"": 0.2, ""Ta"": 0.2, ""Ti"": 0.2, ""V"": 0.2, ""W"": 0.2}, ""B"": {""Al"": 1.0}, ""C"": {""C"": 1.0}}",,MAX,"{'A': 4, 'B': 1, 'C': 3}",['https://doi.org/10.1126/science.adv4415']
"{""A"": {""Cr"": 0.1667, ""Mo"": 0.1667, ""Ti"": 0.1667, ""V"": 0.1667, ""W"": 0.1667, ""Zr"": 0.1667}, ""B"": {""Al"": 1.0}, ""C"": {""C"": 1.0}}",,MAX,"{'A': 4, 'B': 1, 'C': 3}",['https://doi.org/10.1126/science.adv4415']
"{""A"": {""Cr"": 0.1667, ""Mo"": 0.1667, ""Nb"": 0.1667, ""Ti"": 0.1667, ""V"": 0.1667, ""W"": 0.1667}, ""B"": {""Al"": 1.0}, ""C"": {""C"": 1.0}}",,MAX,"{'A': 4, 'B': 1, 'C': 3}",['https://doi.org/10.1126/science.adv4415']
"{""A"": {""Cr"": 0.1667, ""Hf"": 0.1667, ""Nb"": 0.1667, ""Ti"": 0.1667, ""V"": 0.1667, ""W"": 0.1667}, ""B"": {""Al"": 1.0}, ""C"": {""C"": 1.0}}",,MAX,"{'A': 4, 'B': 1, 'C': 3}",['https://doi.org/10.1126/science.adv4415']
"{""A"": {""Cr"": 0.1667, ""Nb"": 0.1667, ""Ta"": 0.1667, ""Ti"": 0.1667, ""V"": 0.1667, ""W"": 0.1667}, ""B"": {""Al"": 1.0}, ""C"": {""C"": 1.0}}",,MAX,"{'A': 4, 'B': 1, 'C': 3}",['https://doi.org/10.1126/science.adv4415']
"{""A"": {""Cr"": 0.1667, ""Mo"": 0.1667, ""Ta"": 0.1667, ""Ti"": 0.1667, ""V"": 0.1667, ""W"": 0.1667}, ""B"": {""Al"": 1.0}, ""C"": {""C"": 1.0}}",,MAX,"{'A': 4, 'B': 1, 'C': 3}",['https://doi.org/10.1126/science.adv4415']
"{""A"": {""Mo"": 0.1667, ""Nb"": 0.1667, ""Ti"": 0.1667, ""V"": 0.1667, ""W"": 0.1667, ""Zr"": 0.1667}, ""B"": {""Al"": 1.0}, ""C"": {""C"": 1.0}}",,MAX,"{'A': 4, 'B': 1, 'C': 3}",['https://doi.org/10.1126/science.adv4415']
"{""A"": {""Hf"": 0.1667, ""Mo"": 0.1667, ""Nb"": 0.1667, ""Ti"": 0.1667, ""V"": 0.1667, ""W"": 0.1667}, ""B"": {""Al"": 1.0}, ""C"": {""C"": 1.0}}",,MAX,"{'A': 4, 'B': 1, 'C': 3}",['https://doi.org/10.1126/science.adv4415']
"{""A"": {""Mo"": 0.1667, ""Nb"": 0.1667, ""Ta"": 0.1667, ""Ti"": 0.1667, ""V"": 0.1667, ""W"": 0.1667}, ""B"": {""Al"": 1.0}, ""C"": {""C"": 1.0}}",,MAX,"{'A': 4, 'B': 1, 'C': 3}",['https://doi.org/10.1126/science.adv4415']
"{""A"": {""Cr"": 0.1429, ""Mo"": 0.1429, ""Nb"": 0.1429, ""Ti"": 0.1429, ""V"": 0.1429, ""W"": 0.1429, ""Zr"": 0.1429}, ""B"": {""Al"": 1.0}, ""C"": {""C"": 1.0}}",,MAX,"{'A': 4, 'B': 1, 'C': 3}",['https://doi.org/10.1126/science.adv4415']
"{""A"": {""Cr"": 0.1429, ""Hf"": 0.1429, ""Mo"": 0.1429, ""Nb"": 0.1429, ""Ti"": 0.1429, ""V"": 0.1429, ""W"": 0.1429}, ""B"": {""Al"": 1.0}, ""C"": {""C"": 1.0}}",,MAX,"{'A': 4, 'B': 1, 'C': 3}",['https://doi.org/10.1126/science.adv4415']
"{""A"": {""Cr"": 0.1429, ""Mo"": 0.1429, ""Nb"": 0.1429, ""Ta"": 0.1429, ""Ti"": 0.1429, ""V"": 0.1429, ""W"": 0.1429}, ""B"": {""Al"": 1.0}, ""C"": {""C"": 1.0}}",,MAX,"{'A': 4, 'B': 1, 'C': 3}",['https://doi.org/10.1126/science.adv4415']
"{""A"": {""Hf"": 0.1429, ""Mo"": 0.1429, ""Nb"": 0.1429, ""Ta"": 0.1429, ""Ti"": 0.1429, ""V"": 0.1429, ""W"": 0.1429}, ""B"": {""Al"": 1.0}, ""C"": {""C"": 1.0}}",,MAX,"{'A': 4, 'B': 1, 'C': 3}",['https://doi.org/10.1126/science.adv4415']
"{""A"": {""Mo"": 0.1429, ""Nb"": 0.1429, ""Ta"": 0.1429, ""Ti"": 0.1429, ""V"": 0.1429, ""W"": 0.1429, ""Zr"": 0.1429}, ""B"": {""Al"": 1.0}, ""C"": {""C"": 1.0}}",,MAX,"{'A': 4, 'B': 1, 'C': 3}",['https://doi.org/10.1126/science.adv4415']
"{""A"": {""Cr"": 0.125, ""Hf"": 0.125, ""Nb"": 0.125, ""Ta"": 0.125, ""Ti"": 0.125, ""V"": 0.125, ""W"": 0.125, ""Zr"": 0.125}, ""B"": {""Al"": 1.0}, ""C"": {""C"": 1.0}}",,MAX,"{'A': 4, 'B': 1, 'C': 3}",['https://doi.org/10.1126/science.adv4415']
"{""A"": {""Cr"": 0.125, ""Hf"": 0.125, ""Mo"": 0.125, ""Nb"": 0.125, ""Ti"": 0.125, ""V"": 0.125, ""W"": 0.125, ""Zr"": 0.125}, ""B"": {""Al"": 1.0}, ""C"": {""C"": 1.0}}",,MAX,"{'A': 4, 'B': 1, 'C': 3}",['https://doi.org/10.1126/science.adv4415']
"{""A"": {""Cr"": 0.1111, ""Hf"": 0.1111, ""Mo"": 0.1111, ""Nb"": 0.1111, ""Ta"": 0.1111, ""Ti"": 0.1111, ""V"": 0.1111, ""W"": 0.1111, ""Zr"": 0.1111}, ""B"": {""Al"": 1.0}, ""C"": {""C"": 1.0}}",,MAX,"{'A': 4, 'B': 1, 'C': 3}",['https://doi.org/10.1126/science.adv4415']
"{""A"": {""Co"": 0.25, ""Fe"": 0.25, ""Mn"": 0.25, ""Ni"": 0.25}, ""B"": {""P"": 1.0}, ""C"": {""S"": 1.0}}",MnPS3,MnPS3,"{'A': 1, 'B': 1, 'C': 3}",['https://doi.org/10.1021/jacs.1c01580']
"{""A"": {""Co"": 0.2, ""Fe"": 0.2, ""Mn"": 0.2, ""Ni"": 0.2, ""Zn"": 0.2}, ""B"": {""P"": 1.0}, ""C"": {""S"": 1.0}}",MnPS3,MnPS3,"{'A': 1, 'B': 1, 'C': 3}",['https://doi.org/10.1021/jacs.1c01580']
"{""A"": {""Co"": 0.2, ""Fe"": 0.2, ""Mg"": 0.2, ""Mn"": 0.2, ""Ni"": 0.2}, ""B"": {""P"": 1.0}, ""C"": {""S"": 1.0}}",MnPS3,MnPS3,"{'A': 1, 'B': 1, 'C': 3}",['https://doi.org/10.1021/jacs.1c01580']
"{""A"": {""Co"": 0.2, ""Fe"": 0.2, ""Mn"": 0.2, ""Ni"": 0.2, ""V"": 0.2}, ""B"": {""P"": 1.0}, ""C"": {""S"": 1.0}}",MnPS3,MnPS3,"{'A': 1, 'B': 1, 'C': 3}",['https://doi.org/10.1021/jacs.1c01580']
"{""A"": {""Li"": 1.0}, ""B"": {""Fe"": 0.02, ""Mg"": 0.02, ""Mn"": 0.03, ""Mo"": 0.02, ""Nb"": 0.01, ""Ni"": 0.88, ""Ti"": 0.02}, ""C"": {""O"": 1.0}}",,NaCoO2,"{'A': 1, 'B': 1, 'C': 2}",['https://doi.org/10.1126/sciadv.ado4472']
"{""A"": {""Li"": 1.0}, ""B"": {""Mg"": 0.02, ""Mn"": 0.13, ""Mo"": 0.02, ""Nb"": 0.01, ""Ni"": 0.8, ""Ti"": 0.02}, ""C"": {""O"": 1.0}}",,NaCoO2,"{'A': 1, 'B': 1, 'C': 2}",['https://doi.org/10.1038/s41586-022-05115-z']
"{""A"": {""Li"": 1.0}, ""B"": {""Co"": 0.2, ""Fe"": 0.2, ""Mn"": 0.2, ""Ni"": 0.2, ""Ti"": 0.2}, ""C"": {""O"": 1.0}}",,NaCoO2,"{'A': 1, 'B': 1, 'C': 2}",['https://doi.org/10.1149/1945-7111/ac00f4']
"{""A"": {""Li"": 1.2}, ""B"": {""Al"": 0.1, ""Co"": 0.15, ""Fe"": 0.15, ""Mn"": 0.25, ""Ni"": 0.15}, ""O"": {""F"": 0.15, ""O"": 0.85}}",,NaCoO2,"{'A': 1, 'B': 1, 'C': 2}",['https://doi.org/10.1021/acs.jpclett.3c00891']
"{""A"": {""Li"": 1.0}, ""B"": {""Al"": 0.2, ""Co"": 0.2, ""Fe"": 0.2, ""Mn"": 0.2, ""Ni"": 0.2}, ""C"": {""O"": 1.0}}",,NaCoO2,"{'A': 1, 'B': 1, 'C': 2}",['https://doi.org/10.1021/acsami.2c16194']
"{""A"": {""Li"": 1.0}, ""B"": {""Co"": 0.2, ""Cr"": 0.2, ""Fe"": 0.2, ""Mn"": 0.2, ""Ni"": 0.2}, ""C"": {""O"": 1.0}}",,NaCoO2,"{'A': 1, 'B': 1, 'C': 2}",['https://doi.org/10.1021/acsaem.1c03968']
"{""A"": {""Li"": 1.0}, ""B"": {""Al"": 0.025, ""Co"": 0.1, ""Cu"": 0.025, ""Fe"": 0.025, ""Li"": 0.15, ""Mg"": 0.025, ""Mn"": 0.5, ""Ni"": 0.15}, ""C"": {""O"": 1.0}}",,NaCoO2,"{'A': 1, 'B': 1, 'C': 2}",['https://doi.org/10.1002/adma.202208726']
"{""A"": {""Li"": 1.0}, ""B"": {""Al"": 0.25, ""Co"": 0.25, ""Mn"": 0.25, ""Ni"": 0.25}, ""C"": {""O"": 1.0}}",,NaCoO2,"{'A': 1, 'B': 1, 'C': 2}",['https://doi.org/10.1038/s41598-020-75134-1']
"{""A"": {""Na"": 0.83}, ""B"": {""Co"": 0.2, ""Li"": 0.1, ""Mn"": 0.15, ""Ni"": 0.25, ""Sn"": 0.15, ""Ti"": 0.15}, ""C"": {""O"": 1.0}}",,NaCoO2,"{'A': 1, 'B': 1, 'C': 2}",['https://doi.org/10.1021/acsnano.3c02290']
"{""A"": {""Na"": 1.0}, ""B"": {""Co"": 0.15, ""Cu"": 0.12, ""Fe"": 0.15, ""Mg"": 0.12, ""Mn"": 0.1, ""Ni"": 0.12, ""Sb"": 0.04, ""Sn"": 0.1, ""Ti"": 0.1}, ""C"": {""O"": 1.0}}",,NaCoO2,"{'A': 1, 'B': 1, 'C': 2}",['https://doi.org/10.1002/anie.201912171']
"{""A"": {""Na"": 1.0}, ""B"": {""Cu"": 0.1, ""Fe"": 0.2, ""Mn"": 0.3, ""Ni"": 0.3, ""Ti"": 0.1}, ""C"": {""O"": 1.0}}",,NaCoO2,"{'A': 1, 'B': 1, 'C': 2}",['https://doi.org/10.1038/s41560-024-01616-5']
"{""A"": {""Na"": 0.9}, ""B"": {""Co"": 0.2, ""Cu"": 0.05, ""Fe"": 0.2, ""Mn"": 0.2, ""Ni"": 0.2, ""Ti"": 0.15}, ""C"": {""O"": 1.0}}",,NaCoO2,"{'A': 1, 'B': 1, 'C': 2}",['https://doi.org/10.1002/adma.202312300']
"{""A"": {""Na"": 0.65}, ""B"": {""Al"": 0.015, ""Cu"": 0.2, ""La"": 0.015, ""Li"": 0.06, ""Mg"": 0.015, ""Mn"": 0.65, ""Ti"": 0.015, ""Y"": 0.015, ""Zr"": 0.015}, ""C"": {""O"": 1.0}}",,NaCoO2,"{'A': 1, 'B': 1, 'C': 2}",['https://doi.org/10.1016/j.cej.2023.148130']
"{""A"": {""Na"": 0.95}, ""B"": {""Cu"": 0.05, ""Fe"": 0.15, ""Li"": 0.06, ""Mn"": 0.49, ""Ni"": 0.25}, ""C"": {""O"": 1.0}}",,NaCoO2,"{'A': 1, 'B': 1, 'C': 2}",['https://doi.org/10.1007/s40820-023-01232-0']
"{""A"": {""Na"": 0.67}, ""B"": {""Al"": 0.014, ""Cu"": 0.045, ""Fe"": 0.334, ""Mg"": 0.014, ""Mn"": 0.5, ""Sn"": 0.014, ""Ti"": 0.014, ""Zr"": 0.014}, ""C"": {""O"": 1.0}}",,NaCoO2,"{'A': 1, 'B': 1, 'C': 2}",['https://doi.org/10.1021/acsami.3c16333']
"{""A"": {""Li"": 0.1, ""Na"": 0.9}, ""B"": {""Fe"": 0.2, ""Mg"": 0.02, ""Mn"": 0.04, ""Ni"": 0.4, ""Ti"": 0.04}, ""O"": {""F"": 0.05, ""O"": 0.95}}",,NaCoO2,"{'A': 1, 'B': 1, 'C': 2}",['https://doi.org/10.1002/adma.202304440']
"{""A"": {""Na"": 0.7778}, ""B"": {""Cu"": 0.1111, ""Fe"": 0.1111, ""Mn"": 0.4444, ""Ni"": 0.2222, ""Ti"": 0.1111}, ""C"": {""O"": 1.0}}",,NaCoO2,"{'A': 1, 'B': 1, 'C': 2}",['https://doi.org/10.1002/cssc.202400768']
"{""A"": {""Na"": 0.75}, ""B"": {""Cu"": 0.1, ""Mn"": 0.4, ""Ni"": 0.33, ""Sn"": 0.05, ""Ti"": 0.13}, ""C"": {""O"": 1.0}}",,NaCoO2,"{'A': 1, 'B': 1, 'C': 2}",['https://doi.org/10.1002/aenm.202400127']
"{""A"": {""Na"": 0.67}, ""B"": {""Cu"": 0.13, ""Mn"": 0.25, ""Ni"": 0.2, ""Sn"": 0.22, ""Ti"": 0.2}, ""C"": {""O"": 1.0}}",,NaCoO2,"{'A': 1, 'B': 1, 'C': 2}",['https://doi.org/10.1002/aenm.202400127']
"{""A"": {""Na"": 0.7}, ""B"": {""Cu"": 0.1, ""Fe"": 0.1, ""Mn"": 0.4, ""Ni"": 0.3, ""Ti"": 0.1}, ""O"": {""F"": 0.05, ""O"": 0.95}}",,NaCoO2,"{'A': 1, 'B': 1, 'C': 2}",['https://doi.org/10.1016/j.ensm.2023.03.007']
"{""A"": {""Na"": 1.0}, ""B"": {""Al"": 0.2, ""Co"": 0.2, ""Fe"": 0.2, ""Mn"": 0.2, ""Ni"": 0.2}, ""C"": {""O"": 1.0}}",,NaCoO2,"{'A': 1, 'B': 1, 'C': 2}",['https://doi.org/10.1063/5.0206490']
"{""A"": {""Na"": 1.0}, ""B"": {""Co"": 0.2, ""Cu"": 0.1, ""Fe"": 0.1, ""Li"": 0.1, ""Mn"": 0.15, ""Ni"": 0.1, ""Sn"": 0.1, ""Ti"": 0.15}, ""C"": {""O"": 1.0}}",,NaCoO2,"{'A': 1, 'B': 1, 'C': 2}",['https://doi.org/10.1016/j.ensm.2023.01.010']
"{""A"": {""Na"": 0.95}, ""B"": {""Cu"": 0.11, ""Fe"": 0.3, ""Li"": 0.07, ""Mn"": 0.41, ""Ni"": 0.11}, ""O"": {""F"": 0.015, ""O"": 0.985}}",,NaCoO2,"{'A': 1, 'B': 1, 'C': 2}",['https://doi.org/10.1021/jacs.3c00879']
"{""A"": {""Na"": 1.0}, ""B"": {""Cu"": 0.1, ""Li"": 0.05, ""Mg"": 0.05, ""Mn"": 0.5, ""Ni"": 0.3}, ""C"": {""O"": 1.0}}",,NaCoO2,"{'A': 1, 'B': 1, 'C': 2}",['https://doi.org/10.1002/adma.201803765']
"{""A"": {""Na"": 0.62}, ""B"": {""Cu"": 0.05, ""Mg"": 0.07, ""Mn"": 0.67, ""Ni"": 0.23, ""Ti"": 0.01}, ""C"": {""O"": 1.0}}",,NaCoO2,"{'A': 1, 'B': 1, 'C': 2}",['https://doi.org/10.1038/s41467-022-30113-0']
"{""A"": {""Na"": 1.0}, ""B"": {""Cu"": 0.1, ""Fe"": 0.2, ""Mg"": 0.05, ""Mn"": 0.2, ""Ni"": 0.25, ""Sn"": 0.1, ""Ti"": 0.1}, ""C"": {""O"": 1.0}}",,NaCoO2,"{'A': 1, 'B': 1, 'C': 2}",['https://doi.org/10.1021/jacs.2c02353']
"{""A"": {""Na"": 0.67}, ""B"": {""Cu"": 0.08, ""Fe"": 0.18, ""Mn"": 0.6, ""Ni"": 0.09, ""Ti"": 0.05}, ""C"": {""O"": 1.0}}",,NaCoO2,"{'A': 1, 'B': 1, 'C': 2}",['https://doi.org/10.1002/anie.202405620']
"{""A"": {""Na"": 0.79}, ""B"": {""Al"": 0.0017, ""Ca"": 0.0017, ""Fe"": 0.0017, ""Li"": 0.13, ""Mg"": 0.0017, ""Mn"": 0.66, ""Ni"": 0.2, ""Si"": 0.0017}, ""C"": {""O"": 1.0}}",,NaCoO2,"{'A': 1, 'B': 1, 'C': 2}",['https://doi.org/10.1016/j.nanoen.2023.109030']
"{""A"": {""Na"": 0.667}, ""B"": {""Co"": 0.117, ""Cu"": 0.01, ""Mg"": 0.01, ""Mn"": 0.667, ""Mo"": 0.01, ""Nb"": 0.01, ""Ni"": 0.167, ""Ti"": 0.01}, ""C"": {""O"": 1.0}}",,NaCoO2,"{'A': 1, 'B': 1, 'C': 2}",['https://doi.org/10.1016/j.mtener.2023.101446']
"{""A"": {""Na"": 0.6}, ""B"": {""Co"": 0.2, ""Mn"": 0.2, ""Ni"": 0.2, ""Ru"": 0.2, ""Ti"": 0.2}, ""C"": {""O"": 1.0}}",,NaCoO2,"{'A': 1, 'B': 1, 'C': 2}",['https://doi.org/10.1021/jacsau.0c00002']
"{""A"": {""Na"": 0.67}, ""B"": {""Al"": 0.04, ""Co"": 0.18, ""Fe"": 0.02, ""Mg"": 0.03, ""Mn"": 0.45, ""Ni"": 0.18, ""Ti"": 0.1}, ""C"": {""O"": 1.0}}",,NaCoO2,"{'A': 1, 'B': 1, 'C': 2}",['https://doi.org/10.1088/2752-5724/ac8ab9']
"{""A"": {""Na"": 1.0}, ""B"": {""Co"": 0.2, ""Fe"": 0.2, ""Li"": 0.1, ""Ni"": 0.2, ""Sn"": 0.1, ""Ti"": 0.2}, ""C"": {""O"": 1.0}}",,NaCoO2,"{'A': 1, 'B': 1, 'C': 2}",['https://doi.org/10.1039/D2TA02451A']
"{""A"": {""Na"": 1.0}, ""B"": {""Cu"": 0.1, ""Fe"": 0.2, ""Mn"": 0.2, ""Ni"": 0.3, ""Ti"": 0.2}, ""C"": {""O"": 1.0}}",,NaCoO2,"{'A': 1, 'B': 1, 'C': 2}","['https://doi.org/10.1016/j.matlet.2023.134113', 'https://doi.org/10.1016/j.ensm.2022.06.035']"
"{""A"": {""Na"": 1.0}, ""B"": {""Co"": 0.2, ""Fe"": 0.2, ""Mn"": 0.2, ""Ni"": 0.2, ""Ti"": 0.2}, ""C"": {""O"": 1.0}}",,NaCoO2,"{'A': 1, 'B': 1, 'C': 2}",['https://doi.org/10.1016/j.ensm.2022.02.038']
"{""A"": {""Na"": 1.0}, ""B"": {""Al"": 0.05, ""Co"": 0.2, ""Fe"": 0.2, ""Mg"": 0.05, ""Mn"": 0.2, ""Ni"": 0.2, ""Sn"": 0.1}, ""C"": {""O"": 1.0}}",,NaCoO2,"{'A': 1, 'B': 1, 'C': 2}",['https://doi.org/10.1016/j.jallcom.2023.172316']
"{""A"": {""Na"": 1.0}, ""B"": {""Cu"": 0.1, ""Fe"": 0.2, ""Mn"": 0.3, ""Ni"": 0.2, ""Ti"": 0.2}, ""C"": {""O"": 1.0}}",,NaCoO2,"{'A': 1, 'B': 1, 'C': 2}",['https://doi.org/10.1016/j.apsusc.2023.157856']
"{""A"": {""Na"": 0.85}, ""B"": {""Al"": 0.05, ""Cu"": 0.025, ""Fe"": 0.05, ""Li"": 0.05, ""Mg"": 0.025, ""Mn"": 0.5, ""Ni"": 0.25, ""Ti"": 0.05}, ""C"": {""O"": 1.0}}",,NaCoO2,"{'A': 1, 'B': 1, 'C': 2}",['https://doi.org/10.1016/j.cej.2023.144403']
"{""A"": {""Na"": 1.0}, ""B"": {""Co"": 0.2, ""Cu"": 0.1, ""Fe"": 0.2, ""Mg"": 0.04, ""Mn"": 0.2, ""Ni"": 0.1, ""Sn"": 0.16}, ""C"": {""O"": 1.0}}",,NaCoO2,"{'A': 1, 'B': 1, 'C': 2}",['https://doi.org/10.1016/j.est.2024.111720']
"{""A"": {""Na"": 0.85}, ""B"": {""Al"": 0.04, ""Li"": 0.08, ""Mg"": 0.04, ""Mn"": 0.62, ""Ni"": 0.22}, ""C"": {""O"": 1.0}}",,NaCoO2,"{'A': 1, 'B': 1, 'C': 2}",['https://doi.org/10.1021/acssuschemeng.4c00185']
"{""A"": {""Na"": 1.0}, ""B"": {""Fe"": 0.1, ""Li"": 0.1, ""Mn"": 0.25, ""Ni"": 0.3, ""Ti"": 0.25}, ""C"": {""O"": 1.0}}",,NaCoO2,"{'A': 1, 'B': 1, 'C': 2}",['https://doi.org/10.1039/D4TA01137F']
"{""A"": {""Na"": 1.0}, ""B"": {""B"": 0.02, ""Co"": 0.15, ""Cu"": 0.05, ""Fe"": 0.2, ""Mn"": 0.2, ""Ni"": 0.2, ""Ti"": 0.2}, ""C"": {""O"": 1.0}}",,NaCoO2,"{'A': 1, 'B': 1, 'C': 2}",['https://doi.org/10.1016/j.jechem.2024.03.055']
"{""A"": {""Na"": 1.0}, ""B"": {""Co"": 0.05, ""Fe"": 0.15, ""Li"": 0.1, ""Mn"": 0.3, ""Ni"": 0.25, ""Sn"": 0.05, ""Ti"": 0.1}, ""C"": {""O"": 1.0}}",,NaCoO2,"{'A': 1, 'B': 1, 'C': 2}",['https://doi.org/10.1021/acs.langmuir.4c00676']
"{""A"": {""Na"": 1.0}, ""B"": {""Cu"": 0.05, ""Fe"": 0.2, ""Mn"": 0.35, ""Ni"": 0.2, ""Sn"": 0.1, ""Zn"": 0.1}, ""C"": {""O"": 1.0}}",,NaCoO2,"{'A': 1, 'B': 1, 'C': 2}",['https://doi.org/10.1002/aenm.202401090']
"{""A"": {""Na"": 0.6667}, ""B"": {""Co"": 0.1667, ""Fe"": 0.1667, ""Li"": 0.1667, ""Mn"": 0.3333, ""Ni"": 0.1667}, ""C"": {""O"": 1.0}}",,NaCoO2,"{'A': 1, 'B': 1, 'C': 2}",['https://doi.org/10.1002/aenm.202201989']
"{""A"": {""Na"": 1.0}, ""B"": {""Co"": 0.1667, ""Cu"": 0.1667, ""Fe"": 0.1667, ""Mn"": 0.1667, ""Ni"": 0.1667, ""Ti"": 0.1667}, ""C"": {""O"": 1.0}}",,NaCoO2,"{'A': 1, 'B': 1, 'C': 2}",['https://doi.org/10.1039/D2TA08431G']
"{""A"": {""Li"": 1.0}, ""B"": {""Mg"": 0.02, ""Mn"": 0.43, ""Mo"": 0.02, ""Nb"": 0.01, ""Ni"": 0.5, ""Ti"": 0.02}, ""C"": {""O"": 1.0}}",,NaCoO2,"{'A': 1, 'B': 1, 'C': 2}",['https://doi.org/10.1038/s41560-023-01267-y']
"{""A"": {""Li"": 1.0}, ""B"": {""Al"": 0.02, ""Cr"": 0.02, ""Fe"": 0.02, ""Mn"": 0.12, ""Ni"": 0.8, ""Ti"": 0.02}, ""C"": {""O"": 1.0}}",,NaCoO2,"{'A': 1, 'B': 1, 'C': 2}",['https://doi.org/10.1002/anie.202318186']
"{""A"": {""Li"": 1.0}, ""B"": {""Al"": 0.01, ""Mg"": 0.01, ""Mn"": 0.05, ""Nb"": 0.01, ""Ni"": 0.9, ""Ti"": 0.01, ""Zr"": 0.01}, ""C"": {""O"": 1.0}}",,NaCoO2,"{'A': 1, 'B': 1, 'C': 2}",['https://doi.org/10.1021/acsaem.4c00095']
"{""A"": {""Li"": 0.9583, ""Na"": 0.0417}, ""B"": {""Al"": 0.0238, ""F"": 0.0357, ""Fe"": 0.0238, ""Mg"": 0.0238, ""Mn"": 0.6667, ""Ni"": 0.2262}, ""C"": {""O"": 1.0}}",,NaCoO2,"{'A': 1, 'B': 1, 'C': 2}",['https://doi.org/10.1016/j.jpowsour.2024.235915']
"{""A"": {""Li"": 1.0}, ""B"": {""Al"": 0.0106, ""Mg"": 0.0106, ""Mn"": 0.0475, ""Mo"": 0.0095, ""Nb"": 0.0068, ""Ni"": 0.915}, ""C"": {""O"": 1.0}}",,NaCoO2,"{'A': 1, 'B': 1, 'C': 2}",['https://doi.org/10.1039/D4EE05020G']
"{""A"": {""Li"": 1.0}, ""B"": {""Al"": 0.0125, ""Co"": 0.15, ""La"": 0.0125, ""Mg"": 0.0125, ""Mn"": 0.6625, ""Ni"": 0.15}, ""C"": {""O"": 1.0}}",,NaCoO2,"{'A': 1, 'B': 1, 'C': 2}",['https://doi.org/10.1016/j.est.2025.115997']
"{""A"": {""Li"": 1.0}, ""B"": {""Co"": 0.1446, ""Cu"": 0.0241, ""Mg"": 0.0361, ""Mn"": 0.6024, ""Nb"": 0.0241, ""Ni"": 0.1446, ""Ti"": 0.0241}, ""C"": {""O"": 1.0}}",,NaCoO2,"{'A': 1, 'B': 1, 'C': 2}",['https://doi.org/10.1002/adma.202505189']
"{""A"": {""Li"": 1.0, ""Na"": 0.01}, ""B"": {""Mg"": 0.02, ""Mn"": 0.03, ""Mo"": 0.02, ""Ni"": 0.9, ""Ta"": 0.02}, ""C"": {""O"": 1.0}}",,NaCoO2,"{'A': 1, 'B': 1, 'C': 2}",['https://doi.org/10.1002/adma.202417353']
"{""A"": {""Li"": 1.0}, ""B"": {""Al"": 0.01, ""Fe"": 0.005, ""Mg"": 0.01, ""Mn"": 0.1, ""Ni"": 0.87, ""Ti"": 0.005}, ""C"": {""O"": 1.0}}",,NaCoO2,"{'A': 1, 'B': 1, 'C': 2}",['https://doi.org/10.1021/acs.nanolett.4c04992']
"{""A"": {""Li"": 1.0}, ""B"": {""Al"": 0.016, ""Co"": 0.1, ""Mg"": 0.016, ""Mn"": 0.05, ""Nb"": 0.008, ""Ni"": 0.8, ""Zr"": 0.008}, ""C"": {""O"": 1.0}}",,NaCoO2,"{'A': 1, 'B': 1, 'C': 2}",['https://doi.org/10.1021/acsaem.4c01160']
"{""A"": {""Li"": 1.0}, ""B"": {""Al"": 0.02, ""Mn"": 0.12, ""Mo"": 0.02, ""Ni"": 0.8, ""Ta"": 0.02, ""Ti"": 0.02}, ""C"": {""O"": 1.0}}",,NaCoO2,"{'A': 1, 'B': 1, 'C': 2}",['https://doi.org/10.1002/adfm.202423717']
"{""A"": {""Li"": 1.0}, ""B"": {""Co"": 0.1667, ""Cr"": 0.1667, ""Cu"": 0.1667, ""Fe"": 0.1667, ""Mn"": 0.1667, ""Ni"": 0.1667}, ""C"": {""O"": 1.0}}",,NaCoO2,"{'A': 1, 'B': 1, 'C': 2}",['https://doi.org/10.1021/acs.cgd.1c01076']
"{""A"": {""Li"": 1.0}, ""B"": {""Al"": 0.0156, ""P"": 0.1562, ""Sc"": 0.0156, ""Sn"": 0.2656, ""Ti"": 0.2656, ""Y"": 0.0156, ""Zr"": 0.2656}, ""C"": {""O"": 1.0}}",,NASICON,,['https://doi.org/10.1021/acsaem.4c02011']
"{""A"": {""Li"": 1.0}, ""B"": {""Al"": 0.1333, ""P"": 0.3333, ""Sn"": 0.1667, ""Ta"": 0.0333, ""Ti"": 0.1667, ""Zr"": 0.1667}, ""C"": {""O"": 1.0}}",,NASICON,,['https://doi.org/10.1016/j.jcis.2024.12.219']
"{""A"": {""Cr"": 1.0, ""Nb"": 1.0, ""Ta"": 1.0, ""V"": 1.0, ""W"": 1.0}, ""B"": {""Si"": 1.0}}",Nb5Si3,Nb5Si3,"{'A': 5, 'B': 3}",['https://doi.org/10.1016/j.scriptamat.2022.114557']
"{""A"": {""Hf"": 1.0, ""Mo"": 1.0, ""Nb"": 1.0, ""Ta"": 1.0, ""Zr"": 1.0}, ""B"": {""Si"": 1.0}}",Nb5Si3,Nb5Si3,"{'A': 5, 'B': 3}",['https://doi.org/10.1016/j.scriptamat.2022.114557']
"{""A"": {""Mo"": 0.2, ""Nb"": 0.2, ""Ta"": 0.2, ""Ti"": 0.2, ""W"": 0.2}, ""B"": {""Si"": 1.0}}",NbSi2,NbSi2,"{'A': 1, 'B': 2}",['https://doi.org/10.1016/j.jmat.2019.03.002']
"{""A"": {""Mo"": 0.2, ""Nb"": 0.2, ""Ti"": 0.2, ""W"": 0.2, ""Zr"": 0.2}, ""B"": {""Si"": 1.0}}",NbSi2,NbSi2,"{'A': 1, 'B': 2}","['https://doi.org/10.1016/j.jeurceramsoc.2020.02.059', 'https://doi.org/10.1007/s40145-019-0319-3']"
"{""A"": {""Cr"": 0.2, ""Mo"": 0.2, ""Nb"": 0.2, ""Ta"": 0.2, ""W"": 0.2}, ""B"": {""Si"": 1.0}}",NbSi2,NbSi2,"{'A': 1, 'B': 2}","['https://doi.org/10.1016/j.matlet.2020.127629', 'https://doi.org/10.1016/j.scriptamat.2020.07.059', 'https://doi.org/10.1016/j.commatsci.2021.111116']"
"{""A"": {""Hf"": 0.25, ""Nb"": 0.25, ""Ta"": 0.25, ""Ti"": 0.25}, ""B"": {""Si"": 1.0}}",NbSi2,NbSi2,"{'A': 1, 'B': 2}",['https://doi.org/10.21203/rs.3.rs-36425/v1']
"{""A"": {""Cr"": 1.0, ""Mo"": 1.0, ""Nb"": 1.0, ""Ta"": 1.0, ""V"": 1.0}, ""B"": {""Si"": 1.0}}",NbSi2,NbSi2,"{'A': 1, 'B': 2}",['https://doi.org/10.1016/j.scriptamat.2021.113914']
"{""A"": {""Mo"": 1.0, ""Nb"": 1.0, ""Ta"": 1.0, ""W"": 1.0}, ""B"": {""Si"": 1.0}}",NbSi2,NbSi2,"{'A': 1, 'B': 2}",['https://doi.org/10.1016/j.corsci.2022.110134']
"{""A"": {""Cr"": 0.2, ""Mo"": 0.2, ""Nb"": 0.2, ""Ta"": 0.2, ""V"": 0.2}, ""B"": {""Si"": 1.0}}",NbSi2,NbSi2,"{'A': 1, 'B': 2}",['https://doi.org/10.1016/j.commatsci.2021.111116']
"{""A"": {""Mo"": 0.25, ""Nb"": 0.25, ""Ta"": 0.25, ""V"": 0.25}, ""B"": {""Al"": 0.5, ""Si"": 0.5}}",NbSi2,NbSi2,"{'A': 1, 'B': 2}","['https://doi.org/10.1016/j.jpcs.2022.110701', 'https://doi.org/10.1007/s40843-019-9585-3']"
"{""A"": {""Co"": 0.2, ""Cu"": 0.2, ""Fe"": 0.2, ""Mn"": 0.2, ""Ni"": 0.2}, ""B"": {""S"": 1.0}}",,pa-3,"{'A': 1, 'B': 2}",['https://doi.org/10.1002/aenm.202103090']
"{""A"": {""Cr"": 0.2, ""Fe"": 0.2, ""Mn"": 0.2, ""Ni"": 0.2, ""Ti"": 0.2}, ""B"": {""S"": 1.0}}",,pa-3,"{'A': 1, 'B': 2}",['https://doi.org/10.1002/aenm.202103090']
"{""A"": {""Ba"": 0.2, ""Ca"": 0.2, ""Mg"": 0.2, ""Pb"": 0.2, ""Sr"": 0.2}, ""B"": {""Ti"": 1.0}, ""C"": {""O"": 1.0}}",SrTiO3,Perovskite - Cubic,"{'A': 1, 'B': 1, 'C': 3}",['https://doi.org/10.3390/nano10020268']
"{""A"": {""Ca"": 0.2, ""Ce"": 0.2, ""K"": 0.2, ""La"": 0.2, ""Na"": 0.2}, ""B"": {""Ti"": 1.0}, ""C"": {""O"": 1.0}}",SrTiO3,Perovskite - Cubic,"{'A': 1, 'B': 1, 'C': 3}",['https://doi.org/10.3390/nano10020268']
"{""A"": {""Sr"": 1.0}, ""B"": {""Hf"": 0.2, ""Mn"": 0.2, ""Sn"": 0.2, ""Ti"": 0.2, ""Zr"": 0.2}, ""C"": {""O"": 1.0}}",SrTiO3,Perovskite - Cubic,"{'A': 1, 'B': 1, 'C': 3}",['https://doi.org/10.1016/j.scriptamat.2017.08.040']
"{""A"": {""Sr"": 1.0}, ""B"": {""Hf"": 0.2, ""Nb"": 0.2, ""Sn"": 0.2, ""Ti"": 0.2, ""Zr"": 0.2}, ""C"": {""O"": 1.0}}",SrTiO3,Perovskite - Cubic,"{'A': 1, 'B': 1, 'C': 3}",['https://doi.org/10.1016/j.scriptamat.2017.08.040']
"{""A"": {""Ba"": 1.0}, ""B"": {""Ce"": 0.2, ""Hf"": 0.2, ""Sn"": 0.2, ""Ti"": 0.2, ""Zr"": 0.2}, ""C"": {""O"": 1.0}}",SrTiO3,Perovskite - Cubic,"{'A': 1, 'B': 1, 'C': 3}","['https://doi.org/10.1016/j.scriptamat.2017.08.040', ""https://doi.org/['10.1002/apxr.202300006', '10.1016/j.nanoen.2025.110651', '10.1002/adfm.202502853', '10.1038/s41467-024-49170-8']""]"
"{""A"": {""Ba"": 1.0}, ""B"": {""Hf"": 0.2, ""Sn"": 0.2, ""Ti"": 0.2, ""Y"": 0.2, ""Zr"": 0.2}, ""C"": {""O"": 1.0}}",SrTiO3,Perovskite - Cubic,"{'A': 1, 'B': 1, 'C': 3}",['https://doi.org/10.1016/j.scriptamat.2017.08.040']
"{""A"": {""Ba"": 1.0}, ""B"": {""Hf"": 0.2, ""Nb"": 0.2, ""Sn"": 0.2, ""Ti"": 0.2, ""Zr"": 0.2}, ""C"": {""O"": 1.0}}",SrTiO3,Perovskite - Cubic,"{'A': 1, 'B': 1, 'C': 3}","['https://doi.org/10.1103/PhysRevMaterials.2.060404', 'https://doi.org/10.1016/j.ceramint.2019.11.239', 'https://doi.org/10.1016/j.scriptamat.2017.08.040']"
"{""A"": {""Ba"": 0.5, ""Sr"": 0.5}, ""B"": {""Hf"": 0.2, ""Nb"": 0.2, ""Sn"": 0.2, ""Ti"": 0.2, ""Zr"": 0.2}, ""C"": {""O"": 1.0}}",SrTiO3,Perovskite - Cubic,"{'A': 1, 'B': 1, 'C': 3}",['https://doi.org/10.1016/j.scriptamat.2017.08.040']
"{""A"": {""Sr"": 1.0}, ""B"": {""Hf"": 0.2, ""Mn"": 0.2, ""Sn"": 0.2, ""Ti"": 0.2, ""Y"": 0.012, ""Zr"": 0.188}, ""C"": {""O"": 1.0}}",SrTiO3,Perovskite - Cubic,"{'A': 1, 'B': 1, 'C': 3}",['https://doi.org/10.1080/21870764.2019.1595931']
"{""A"": {""Ca"": 0.24, ""Ce"": 0.21, ""K"": 0.07, ""La"": 0.18, ""Na"": 0.3}, ""B"": {""Ti"": 1.0}, ""C"": {""O"": 1.0}}",SrTiO3,Perovskite - Cubic,"{'A': 1, 'B': 1, 'C': 3}",['https://doi.org/10.3390/nano10020268']
"{""A"": {""Ba"": 0.5, ""Sr"": 0.5}, ""B"": {""Hf"": 0.3333, ""Ti"": 0.3333, ""Zr"": 0.3333}, ""C"": {""O"": 1.0}}",SrTiO3,Perovskite - Cubic,"{'A': 1, 'B': 1, 'C': 3}",['https://doi.org/10.1002/cssc.201902705']
"{""A"": {""Ba"": 0.3333, ""Bi"": 0.3333, ""Sr"": 0.3333}, ""B"": {""Fe"": 0.25, ""Hf"": 0.25, ""Ti"": 0.25, ""Zr"": 0.25}, ""C"": {""O"": 1.0}}",SrTiO3,Perovskite - Cubic,"{'A': 1, 'B': 1, 'C': 3}",['https://doi.org/10.1002/cssc.201902705']
"{""A"": {""Ba"": 1.0}, ""B"": {""Hf"": 0.2, ""Sn"": 0.2, ""Ta"": 0.2, ""Ti"": 0.2, ""Zr"": 0.2}, ""C"": {""O"": 1.0}}",SrTiO3,Perovskite - Cubic,"{'A': 1, 'B': 1, 'C': 3}",['https://doi.org/10.1016/j.ceramint.2019.11.239']
"{""A"": {""Sr"": 1.0}, ""B"": {""Hf"": 0.2, ""Sn"": 0.2, ""Ti"": 0.2, ""Y"": 0.2, ""Zr"": 0.2}, ""C"": {""O"": 1.0}}",SrTiO3,Perovskite - Cubic,"{'A': 1, 'B': 1, 'C': 3}",['https://doi.org/10.1016/j.ceramint.2020.04.060']
"{""A"": {""Ba"": 0.2, ""Bi"": 0.2, ""Ca"": 0.2, ""Na"": 0.2, ""Sr"": 0.2}, ""B"": {""Ti"": 1.0}, ""C"": {""O"": 1.0}}",SrTiO3,Perovskite - Cubic,"{'A': 1, 'B': 1, 'C': 3}","['https://doi.org/10.1016/j.ceramint.2025.04.284', 'https://doi.org/10.1063/1.5126652', 'https://doi.org/10.61343/jcm.v2i02.112', ""https://doi.org/['10.1063/1.5126652', '10.1038/s41467-022-30821-7', '10.1038/s41467-025-56181-6', '10.1038/s41467-025-61030-7']""]"
"{""A"": {""Bi"": 0.1, ""Ca"": 0.2, ""Ce"": 0.1, ""K"": 0.1, ""La"": 0.1, ""Li"": 0.1, ""Na"": 0.1, ""Sr"": 0.2}, ""B"": {""Ti"": 1.0}, ""C"": {""O"": 1.0}}",SrTiO3,Perovskite - Cubic,"{'A': 1, 'B': 1, 'C': 3}",['https://doi.org/10.1007/s10853-020-04482-0']
"{""A"": {""Ba"": 0.2, ""Bi"": 0.2, ""Ca"": 0.2, ""K"": 0.2, ""Na"": 0.2}, ""B"": {""Ti"": 1.0}, ""C"": {""O"": 1.0}}",SrTiO3,Perovskite - Cubic,"{'A': 1, 'B': 1, 'C': 3}",['https://doi.org/10.1016/j.ceramint.2020.05.090']
"{""A"": {""Ba"": 0.25, ""Ca"": 0.25, ""La"": 0.25, ""Sr"": 0.25}, ""B"": {""Ti"": 1.0}, ""C"": {""O"": 1.0}}",SrTiO3,Perovskite - Cubic,"{'A': 1, 'B': 1, 'C': 3}",['https://doi.org/10.1016/j.jallcom.2021.162858']
"{""A"": {""Ba"": 0.2, ""Ca"": 0.2, ""La"": 0.2, ""Pb"": 0.2, ""Sr"": 0.2}, ""B"": {""Ti"": 1.0}, ""C"": {""O"": 1.0}}",SrTiO3,Perovskite - Cubic,"{'A': 1, 'B': 1, 'C': 3}",['https://doi.org/10.1016/j.jmst.2021.05.016']
"{""A"": {""Sr"": 1.0}, ""B"": {""Cr"": 0.2, ""Fe"": 0.2, ""Mo"": 0.2, ""Nb"": 0.2, ""Ti"": 0.2}, ""C"": {""O"": 1.0}}",SrTiO3,Perovskite - Cubic,"{'A': 1, 'B': 1, 'C': 3}",['https://doi.org/10.1021/acssuschemeng.0c03849']
"{""A"": {""Ba"": 0.2, ""La"": 0.1, ""Sr"": 0.7}, ""B"": {""Nb"": 0.1, ""Ti"": 0.9}, ""C"": {""O"": 1.0}}",SrTiO3,Perovskite - Cubic,"{'A': 1, 'B': 1, 'C': 3}",['https://doi.org/10.1039/D2TA06576B']
"{""A"": {""K"": 1.0}, ""B"": {""Co"": 0.2, ""Fe"": 0.2, ""Mg"": 0.2, ""Mn"": 0.2, ""Ni"": 0.2}, ""C"": {""F"": 1.0}}",SrTiO3,Perovskite - Cubic,"{'A': 1, 'B': 1, 'C': 3}",['https://doi.org/10.1021/jacs.9b12377']
"{""A"": {""K"": 1.0}, ""B"": {""Co"": 0.2, ""Mg"": 0.2, ""Mn"": 0.2, ""Ni"": 0.2, ""Zn"": 0.2}, ""C"": {""F"": 1.0}}",SrTiO3,Perovskite - Cubic,"{'A': 1, 'B': 1, 'C': 3}",['https://doi.org/10.1021/jacs.9b12377']
"{""A"": {""K"": 1.0}, ""B"": {""Co"": 0.2, ""Fe"": 0.2, ""Mn"": 0.2, ""Ni"": 0.2, ""Zn"": 0.2}, ""C"": {""F"": 1.0}}",SrTiO3,Perovskite - Cubic,"{'A': 1, 'B': 1, 'C': 3}",['https://doi.org/10.1021/jacs.9b12377']
"{""A"": {""K"": 1.0}, ""B"": {""Co"": 0.2, ""Cu"": 0.2, ""Mg"": 0.2, ""Ni"": 0.2, ""Zn"": 0.2}, ""C"": {""F"": 1.0}}",SrTiO3,Perovskite - Cubic,"{'A': 1, 'B': 1, 'C': 3}",['https://doi.org/10.1021/jacs.9b12377']
"{""A"": {""Ba"": 0.95, ""K"": 0.05}, ""B"": {""Co"": 0.2, ""Ga"": 0.2, ""Zn"": 0.2, ""Zr"": 0.2, ""Y"": 0.2}, ""C"": {""O"": 1.0}}",SrTiO3,Perovskite - Cubic,"{'A': 1, 'B': 1, 'C': 3}",['https://doi.org/10.1021/acsmaterialslett.4c00806']
"{""A"": {""Ba"": 1.0}, ""B"": {""Co"": 0.2, ""Fe"": 0.2, ""Pr"": 0.2, ""Sn"": 0.2, ""Zr"": 0.2}, ""C"": {""O"": 1.0}}",SrTiO3,Perovskite - Cubic,"{'A': 1, 'B': 1, 'C': 3}",['https://doi.org/10.1016/j.cclet.2022.107776']
"{""A"": {""Ba"": 1.0}, ""B"": {""Co"": 0.2, ""Ga"": 0.2, ""Zn"": 0.2, ""Y"": 0.2, ""Zr"": 0.2}, ""C"": {""O"": 1.0}}",SrTiO3,Perovskite - Cubic,"{'A': 1, 'B': 1, 'C': 3}",['https://doi.org/10.1016/j.ceramint.2023.09.166']
"{""A"": {""Ba"": 0.1667, ""Ca"": 0.1667, ""La"": 0.1667, ""Nd"": 0.1667, ""Pr"": 0.1667, ""Sr"": 0.1667}, ""B"": {""Co"": 1.0}, ""C"": {""O"": 1.0}}",SrTiO3,Perovskite - Cubic,"{'A': 1, 'B': 1, 'C': 3}",['https://doi.org/10.1007/s40820-022-00967-6']
"{""A"": {""Sr"": 1.0}, ""B"": {""Ce"": 0.2, ""Gd"": 0.2, ""Hf"": 0.2, ""Yb"": 0.2, ""Zr"": 0.2}, ""C"": {""O"": 1.0}}",SrTiO3,Perovskite - Cubic,"{'A': 1, 'B': 1, 'C': 3}",['https://doi.org/10.1111/ijac.14278']
"{""A"": {""Ba"": 0.0164, ""Bi"": 0.082, ""K"": 0.1639, ""Li"": 0.0656, ""Na"": 0.6557, ""Sc"": 0.0164}, ""B"": {""Hf"": 0.08, ""Nb"": 0.68, ""Sb"": 0.04, ""Ta"": 0.08, ""Zr"": 0.1}, ""C"": {""O"": 1.0}}",SrTiO3,Perovskite - Cubic,"{'A': 1, 'B': 1, 'C': 3}",['https://doi.org/10.1038/s41467-022-30821-7']
"{""A"": {""Bi"": 0.2, ""K"": 0.2, ""La"": 0.2, ""Na"": 0.2, ""Sr"": 0.2}, ""B"": {""Nb"": 0.05, ""Ti"": 0.95}, ""C"": {""O"": 1.0}}",SrTiO3,Perovskite - Cubic,"{'A': 1, 'B': 1, 'C': 3}",['https://doi.org/10.1038/s41467-025-56181-6']
"{""A"": {""Ba"": 0.34, ""Bi"": 0.5, ""Ca"": 0.1, ""Sr"": 0.06}, ""B"": {""Mg"": 0.25, ""Ti"": 0.75}, ""C"": {""O"": 1.0}}",SrTiO3,Perovskite - Cubic,"{'A': 1, 'B': 1, 'C': 3}",['https://doi.org/10.26599/jac.2024.9220964']
"{""A"": {""Ba"": 0.76, ""Bi"": 0.2, ""Na"": 0.04}, ""B"": {""Al"": 0.04, ""Mg"": 0.04, ""Sn"": 0.04, ""Ta"": 0.04, ""Ti"": 0.76, ""Zn"": 0.04, ""Zr"": 0.04}, ""C"": {""O"": 1.0}}",SrTiO3,Perovskite - Cubic,"{'A': 1, 'B': 1, 'C': 3}",['https://doi.org/10.1038/s41467-025-63173-z']
"{""A"": {""Ba"": 0.2, ""Bi"": 0.4, ""K"": 0.2, ""Na"": 0.2}, ""B"": {""Hf"": 0.3, ""Ti"": 0.7}, ""C"": {""O"": 1.0}}",SrTiO3,Perovskite - Cubic,"{'A': 1, 'B': 1, 'C': 3}",['https://doi.org/10.1021/jacs.5c07213']
"{""A"": {""Bi"": 0.36, ""La"": 0.13, ""Na"": 0.34, ""Sr"": 0.17}, ""B"": {""Hf"": 0.05, ""Mg"": 0.08, ""Ta"": 0.01, ""Ti"": 0.86}, ""C"": {""O"": 1.0}}",SrTiO3,Perovskite - Cubic,"{'A': 1, 'B': 1, 'C': 3}",['https://doi.org/10.1038/s41467-025-56443-3']
"{""A"": {""Bi"": 0.5, ""Na"": 0.5}, ""B"": {""Fe"": 0.2, ""Hf"": 0.2, ""Nb"": 0.2, ""Sn"": 0.2, ""Ti"": 0.2}, ""C"": {""O"": 1.0}}",SrTiO3,Perovskite - Cubic,"{'A': 1, 'B': 1, 'C': 3}",['https://doi.org/10.1002/adfm.202502853']
"{""A"": {""Bi"": 0.6259, ""La"": 0.0576, ""Mg"": 0.2806, ""Sr"": 0.036}, ""B"": {""Mn"": 0.2459, ""Ti"": 0.6721, ""Zr"": 0.082}, ""C"": {""O"": 1.0}}",SrTiO3,Perovskite - Cubic,"{'A': 1, 'B': 1, 'C': 3}",['https://doi.org/10.1038/s41467-024-49170-8']
"{""A"": {""Bi"": 0.3525, ""La"": 0.074, ""Na"": 0.2775, ""Sr"": 0.259}, ""B"": {""Mg"": 0.0375, ""Ti"": 0.925, ""Zr"": 0.0375}, ""C"": {""O"": 1.0}}",SrTiO3,Perovskite - Cubic,"{'A': 1, 'B': 1, 'C': 3}",['https://doi.org/10.1038/s41467-025-63584-y']
"{""A"": {""Ba"": 0.33, ""Bi"": 0.32, ""Ca"": 0.11, ""Na"": 0.07, ""Sm"": 0.07, ""Sr"": 0.1}, ""B"": {""Fe"": 0.32, ""Ti"": 0.63, ""Zr"": 0.05}, ""C"": {""O"": 1.0}}",SrTiO3,Perovskite - Cubic,"{'A': 1, 'B': 1, 'C': 3}",['https://doi.org/10.1126/science.adl2931']
"{""A"": {""Ba"": 0.3333, ""Bi"": 0.3333, ""Na"": 0.3333}, ""B"": {""Fe"": 0.2222, ""Nb"": 0.2222, ""Ti"": 0.5556}, ""C"": {""O"": 1.0}}",SrTiO3,Perovskite - Cubic,"{'A': 1, 'B': 1, 'C': 3}",['https://doi.org/10.1038/s41467-024-51766-z']
"{""A"": {""Ba"": 0.2, ""Ca"": 0.2, ""La"": 0.2, ""Li"": 0.2, ""Sr"": 0.2}, ""B"": {""Al"": 0.1, ""Ti"": 0.9}, ""C"": {""O"": 1.0}}",SrTiO3,Perovskite - Cubic,"{'A': 1, 'B': 1, 'C': 3}",['https://doi.org/10.1016/j.ceramint.2021.11.041']
"{""A"": {""Li"": 0.5, ""Sr"": 0.5}, ""B"": {""Hf"": 0.2, ""Sn"": 0.2, ""Ta"": 0.2, ""Ti"": 0.2, ""Zr"": 0.2}, ""C"": {""O"": 1.0}}",SrTiO3,Perovskite - Cubic,"{'A': 1, 'B': 1, 'C': 3}",['https://doi.org/10.2298/PAC2303264K']
"{""A"": {""Ba"": 0.5, ""Li"": 0.5}, ""B"": {""Hf"": 0.2, ""Nb"": 0.2, ""Sn"": 0.2, ""Ti"": 0.2, ""Zr"": 0.2}, ""C"": {""O"": 1.0}}",SrTiO3,Perovskite - Cubic,"{'A': 1, 'B': 1, 'C': 3}",['https://doi.org/10.2298/PAC2303264K']
"{""A"": {""Bi"": 0.8571, ""Mg"": 0.1429}, ""B"": {""Nb"": 0.3333, ""Ta"": 0.3333, ""Zn"": 0.3333}, ""C"": {""O"": 1.0}}",,Perovskite - Layered,,['https://doi.org/10.1007/s40145-022-0613-3']
"{""A"": {""Bi"": 0.8125, ""La"": 0.1875}, ""B"": {""Hf"": 0.1667, ""Sn"": 0.1667, ""Ti"": 0.5, ""Zr"": 0.1667}, ""C"": {""O"": 1.0}}",,Perovskite - Layered,,['https://doi.org/10.1038/s41563-022-01274-6']
"{""A"": {""Bi"": 0.625, ""La"": 0.0938, ""Nd"": 0.0938, ""Pr"": 0.0938, ""Sm"": 0.0938}, ""B"": {""Ti"": 1.0}, ""C"": {""O"": 1.0}}",,Perovskite - Layered,,"[""https://doi.org/['10.4236/wjcmp.2016.63022', '10.1038/s41560-023-01300-0']""]"
"{""A"": {""Bi"": 0.5, ""La"": 0.125, ""Nd"": 0.125, ""Pr"": 0.125, ""Sm"": 0.125}, ""B"": {""Ti"": 1.0}, ""C"": {""O"": 1.0}}",,Perovskite - Layered,,['https://doi.org/10.4236/wjcmp.2016.63022']
"{""A"": {""Ba"": 0.25, ""Ca"": 0.25, ""Pb"": 0.25, ""Sr"": 0.25}, ""B"": {""Bi"": 1.0}, ""C"": {""Nb"": 1.0}, ""D"": {""O"": 1.0}}",BaBi2Nb2O9,Perovskite - Layered,"{'A': 1, 'B': 2, 'C': 2, 'D': 9}",['https://doi.org/10.1016/j.matdes.2020.109447']
"{""A"": {""Ba"": 0.2, ""Ca"": 0.2, ""Na"": 0.1, ""Nd"": 0.1, ""Pb"": 0.2, ""Sr"": 0.2}, ""B"": {""Bi"": 1.0}, ""C"": {""Nb"": 1.0}, ""D"": {""O"": 1.0}}",BaBi2Nb2O9,Perovskite - Layered,"{'A': 1, 'B': 2, 'C': 2, 'D': 9}",['https://doi.org/10.1016/j.matdes.2020.109447']
"{""A"": {""Eu"": 0.2, ""La"": 0.2, ""Nd"": 0.2, ""Pr"": 0.2, ""Sm"": 0.2}, ""B"": {""Cu"": 1.0}, ""C"": {""O"": 1.0}}",Sr2TiO4,Perovskite - RP Layered,"{'A': 2, 'B': 1, 'C': 4}",['https://doi.org/10.1016/j.ijhydene.2024.08.316']
"{""A"": {""Co"": 0.0667, ""Cu"": 0.0667, ""Fe"": 0.0667, ""Ni"": 0.0667, ""Pr"": 0.3333, ""Sr"": 0.3333, ""Zn"": 0.0667}, ""B"": {""O"": 1.0}}",Sr2TiO4,Perovskite - RP Layered,"{'A': 2, 'B': 1, 'C': 4}",['https://doi.org/10.1016/j.mtchem.2024.101960']
"{""A"": {""Gd"": 0.2, ""La"": 0.2, ""Nd"": 0.2, ""Pr"": 0.2, ""Sm"": 0.2}, ""B"": {""Cu"": 1.0}, ""C"": {""O"": 1.0}}",Sr2TiO4,Perovskite - RP Layered,"{'A': 2, 'B': 1, 'C': 4}",['https://doi.org/10.1016/j.jallcom.2021.162548']
"{""A"": {""Ba"": 0.2, ""La"": 0.2, ""Nd"": 0.2, ""Pr"": 0.2, ""Sr"": 0.2}, ""B"": {""Ni"": 1.0}, ""C"": {""O"": 1.0}}",Sr2TiO4,Perovskite - RP Layered,"{'A': 2, 'B': 1, 'C': 4}",['https://doi.org/10.1039/d5ee00993f']
"{""A"": {""Ca"": 0.2, ""La"": 0.2, ""Nd"": 0.2, ""Pr"": 0.2, ""Sr"": 0.2}, ""B"": {""Ni"": 1.0}, ""C"": {""O"": 1.0}}",Sr2TiO4,Perovskite - RP Layered,"{'A': 2, 'B': 1, 'C': 4}",['https://doi.org/10.1016/j.cej.2025.159463']
"{""A"": {""La"": 0.6, ""Sr"": 0.4}, ""B"": {""Co"": 0.2, ""Cu"": 0.2, ""Fe"": 0.2, ""Mn"": 0.2, ""Ni"": 0.2}, ""C"": {""O"": 1.0}}",Sr2TiO4,Perovskite - RP Layered,"{'A': 2, 'B': 1, 'C': 4}",['https://doi.org/10.1016/j.jmst.2023.11.018']
"{""A"": {""Pr"": 0.9836, ""Y"": 0.0164}, ""B"": {""Cu"": 0.1538, ""Nb"": 0.0256, ""Ni"": 0.7692, ""Ta"": 0.0256, ""Zr"": 0.0256}, ""C"": {""O"": 1.0}}",Sr2TiO4,Perovskite - RP Layered,"{'A': 2, 'B': 1, 'C': 4}",['https://doi.org/10.1016/j.ijhydene.2024.03.248']
"{""A"": {""Gd"": 0.2, ""La"": 0.2, ""Nd"": 0.2, ""Sm"": 0.2, ""Y"": 0.2}, ""B"": {""Co"": 1.0}, ""C"": {""O"": 1.0}}",LaMnO3,Perovskite -Orthorhombic,"{'A': 1, 'B': 1, 'C': 3}","['https://doi.org/10.1016/j.jeurceramsoc.2017.12.058', 'https://doi.org/10.1063/5.0004125']"
"{""A"": {""Gd"": 0.2, ""La"": 0.2, ""Nd"": 0.2, ""Sm"": 0.2, ""Y"": 0.2}, ""B"": {""Cr"": 1.0}, ""C"": {""O"": 1.0}}",LaMnO3,Perovskite -Orthorhombic,"{'A': 1, 'B': 1, 'C': 3}","['https://doi.org/10.1016/j.jeurceramsoc.2017.12.058', 'https://doi.org/10.1063/5.0004125']"
"{""A"": {""Gd"": 0.2, ""La"": 0.2, ""Nd"": 0.2, ""Sm"": 0.2, ""Y"": 0.2}, ""B"": {""Fe"": 1.0}, ""C"": {""O"": 1.0}}",LaMnO3,Perovskite -Orthorhombic,"{'A': 1, 'B': 1, 'C': 3}","['https://doi.org/10.1016/j.jeurceramsoc.2017.12.058', 'https://doi.org/10.1063/5.0004125']"
"{""A"": {""Gd"": 0.2, ""La"": 0.2, ""Nd"": 0.2, ""Sm"": 0.2, ""Y"": 0.2}, ""B"": {""Mn"": 1.0}, ""C"": {""O"": 1.0}}",LaMnO3,Perovskite -Orthorhombic,"{'A': 1, 'B': 1, 'C': 3}",['https://doi.org/10.1016/j.jeurceramsoc.2017.12.058']
"{""A"": {""Gd"": 0.2, ""La"": 0.2, ""Nd"": 0.2, ""Sm"": 0.2, ""Y"": 0.2}, ""B"": {""Ni"": 1.0}, ""C"": {""O"": 1.0}}",LaMnO3,Perovskite -Orthorhombic,"{'A': 1, 'B': 1, 'C': 3}",['https://doi.org/10.1016/j.jeurceramsoc.2017.12.058']
"{""A"": {""Gd"": 1.0}, ""B"": {""Co"": 0.2, ""Cr"": 0.2, ""Fe"": 0.2, ""Mn"": 0.2, ""Ni"": 0.2}, ""C"": {""O"": 1.0}}",LaMnO3,Perovskite -Orthorhombic,"{'A': 1, 'B': 1, 'C': 3}","['https://doi.org/10.1016/j.jeurceramsoc.2017.12.058', 'https://doi.org/10.1103/PhysRevMaterials.3.034406', 'https://doi.org/10.26599/JAC.2023.9220751']"
"{""A"": {""La"": 1.0}, ""B"": {""Co"": 0.2, ""Cr"": 0.2, ""Fe"": 0.2, ""Mn"": 0.2, ""Ni"": 0.2}, ""C"": {""O"": 1.0}}",LaMnO3,Perovskite -Orthorhombic,"{'A': 1, 'B': 1, 'C': 3}","['https://doi.org/10.1016/j.jeurceramsoc.2017.12.058', 'https://doi.org/10.1103/PhysRevMaterials.3.034406', 'https://doi.org/10.1103/PhysRevMaterials.4.014404', 'https://doi.org/10.26599/JAC.2023.9220751']"
"{""A"": {""Nd"": 1.0}, ""B"": {""Co"": 0.2, ""Cr"": 0.2, ""Fe"": 0.2, ""Mn"": 0.2, ""Ni"": 0.2}, ""C"": {""O"": 1.0}}",LaMnO3,Perovskite -Orthorhombic,"{'A': 1, 'B': 1, 'C': 3}","['https://doi.org/10.1016/j.jeurceramsoc.2017.12.058', 'https://doi.org/10.1103/PhysRevMaterials.3.034406']"
"{""A"": {""Sm"": 1.0}, ""B"": {""Co"": 0.2, ""Cr"": 0.2, ""Fe"": 0.2, ""Mn"": 0.2, ""Ni"": 0.2}, ""C"": {""O"": 1.0}}",LaMnO3,Perovskite -Orthorhombic,"{'A': 1, 'B': 1, 'C': 3}","['https://doi.org/10.1016/j.jeurceramsoc.2017.12.058', 'https://doi.org/10.1103/PhysRevMaterials.3.034406']"
"{""A"": {""Y"": 1.0}, ""B"": {""Co"": 0.2, ""Cr"": 0.2, ""Fe"": 0.2, ""Mn"": 0.2, ""Ni"": 0.2}, ""C"": {""O"": 1.0}}",LaMnO3,Perovskite -Orthorhombic,"{'A': 1, 'B': 1, 'C': 3}","['https://doi.org/10.1016/j.jeurceramsoc.2017.12.058', 'https://doi.org/10.1103/PhysRevMaterials.3.034406']"
"{""A"": {""Gd"": 0.2, ""La"": 0.2, ""Nd"": 0.2, ""Sm"": 0.2, ""Y"": 0.2}, ""B"": {""Co"": 0.2, ""Cr"": 0.2, ""Fe"": 0.2, ""Mn"": 0.2, ""Ni"": 0.2}, ""C"": {""O"": 1.0}}",LaMnO3,Perovskite -Orthorhombic,"{'A': 1, 'B': 1, 'C': 3}","['https://doi.org/10.1016/j.jeurceramsoc.2017.12.058', 'https://doi.org/10.1103/PhysRevMaterials.3.034406', 'https://doi.org/10.1016/j.scriptamat.2019.02.039']"
"{""A"": {""Ba"": 0.2, ""Ca"": 0.2, ""Mg"": 0.2, ""Pb"": 0.2, ""Sr"": 0.2}, ""B"": {""Fe"": 1.0}, ""C"": {""O"": 1.0}}",LaMnO3,Perovskite -Orthorhombic,"{'A': 1, 'B': 1, 'C': 3}",['https://doi.org/10.3390/nano10020268']
"{""A"": {""Eu"": 0.2, ""La"": 0.2, ""Nd"": 0.2, ""Pr"": 0.2, ""Sm"": 0.2}, ""B"": {""Ni"": 1.0}, ""C"": {""O"": 1.0}}",LaMnO3,Perovskite -Orthorhombic,"{'A': 1, 'B': 1, 'C': 3}",['https://doi.org/10.1063/1.5133710']
"{""A"": {""Er"": 0.2, ""Eu"": 0.2, ""Nd"": 0.2, ""Sm"": 0.2, ""Y"": 0.2}, ""B"": {""Al"": 1.0}, ""C"": {""O"": 1.0}}",LaMnO3,Perovskite -Orthorhombic,"{'A': 1, 'B': 1, 'C': 3}",['https://doi.org/10.1016/j.jmst.2020.02.011']
"{""A"": {""La"": 1.0}, ""B"": {""Co"": 0.2, ""Cr"": 0.2, ""Ga"": 0.2, ""Ge"": 0.2, ""Ni"": 0.2}, ""C"": {""O"": 1.0}}",LaMnO3,Perovskite -Orthorhombic,"{'A': 1, 'B': 1, 'C': 3}",['https://doi.org/10.3390/ma18173966']
"{""A"": {""Y"": 1.0}, ""B"": {""Co"": 0.2, ""Cu"": 0.2, ""Fe"": 0.2, ""Mn"": 0.2, ""Ni"": 0.2}, ""C"": {""O"": 1.0}}",LaMnO3,Perovskite -Orthorhombic,"{'A': 1, 'B': 1, 'C': 3}",['https://doi.org/10.1016/j.ceramint.2025.08.442']
"{""A"": {""La"": 1.0}, ""B"": {""Co"": 0.2, ""Cu"": 0.2, ""Fe"": 0.2, ""Mn"": 0.2, ""Ni"": 0.2}, ""C"": {""O"": 1.0}}",LaMnO3,Perovskite -Orthorhombic,"{'A': 1, 'B': 1, 'C': 3}","['https://doi.org/10.1016/j.ceramint.2021.03.052', 'https://doi.org/10.1016/j.ceramint.2025.08.442']"
"{""A"": {""Ca"": 0.4, ""Gd"": 0.3, ""La"": 0.3}, ""B"": {""Hf"": 0.2, ""Nb"": 0.2, ""Ta"": 0.2, ""Ti"": 0.2, ""Zr"": 0.2}, ""C"": {""O"": 1.0}}",LaMnO3,Perovskite -Orthorhombic,"{'A': 1, 'B': 1, 'C': 3}",['https://doi.org/10.1016/j.jmst.2024.02.089']
"{""A"": {""Eu"": 0.2, ""La"": 0.2, ""Nd"": 0.2, ""Pr"": 0.2, ""Sm"": 0.2}, ""B"": {""Al"": 0.6, ""Co"": 0.4}, ""C"": {""O"": 1.0}}",LaMnO3,Perovskite -Orthorhombic,"{'A': 1, 'B': 1, 'C': 3}",['https://doi.org/10.1016/j.ceramint.2024.01.249']
"{""A"": {""Ca"": 0.2, ""Eu"": 0.2, ""La"": 0.2, ""Nd"": 0.2, ""Sm"": 0.2}, ""B"": {""Al"": 0.6, ""Co"": 0.4}, ""C"": {""O"": 1.0}}",LaMnO3,Perovskite -Orthorhombic,"{'A': 1, 'B': 1, 'C': 3}",['https://doi.org/10.1016/j.ceramint.2024.01.249']
"{""A"": {""Ba"": 0.25, ""Gd"": 0.1, ""La"": 0.1, ""Nd"": 0.1, ""Pr"": 0.1, ""Sm"": 0.1, ""Sr"": 0.25}, ""B"": {""Co"": 0.75, ""Fe"": 0.25}, ""C"": {""O"": 1.0}}",LaMnO3,Perovskite -Orthorhombic,"{'A': 1, 'B': 1, 'C': 3}",['https://doi.org/10.1007/s10008-024-06100-4']
"{""A"": {""Ba"": 0.5, ""Gd"": 0.1, ""La"": 0.1, ""Nd"": 0.1, ""Pr"": 0.1, ""Sm"": 0.1}, ""B"": {""Co"": 1.0}, ""C"": {""O"": 1.0}}",LaMnO3,Perovskite -Orthorhombic,"{'A': 1, 'B': 1, 'C': 3}",['https://doi.org/10.1021/acsenergylett.4c00037']
"{""A"": {""Ba"": 0.2, ""Ca"": 0.2, ""La"": 0.2, ""Pr"": 0.2, ""Sr"": 0.2}, ""B"": {""Fe"": 1.0}, ""C"": {""O"": 1.0}}",LaMnO3,Perovskite -Orthorhombic,"{'A': 1, 'B': 1, 'C': 3}",['https://doi.org/10.1021/acsami.4c02957']
"{""A"": {""Ba"": 0.5, ""Gd"": 0.5}, ""B"": {""Co"": 0.2, ""Cu"": 0.2, ""Fe"": 0.2, ""Mn"": 0.2, ""Ni"": 0.2}, ""C"": {""O"": 1.0}}",LaMnO3,Perovskite -Orthorhombic,"{'A': 1, 'B': 1, 'C': 3}",['https://doi.org/10.15541/jim20220551']
"{""A"": {""Ba"": 0.25, ""La"": 0.1, ""Nd"": 0.1, ""Pr"": 0.1, ""Sm"": 0.1, ""Sr"": 0.25, ""Y"": 0.1}, ""B"": {""Co"": 0.75, ""Fe"": 0.25}, ""C"": {""O"": 1.1}}",LaMnO3,Perovskite -Orthorhombic,"{'A': 1, 'B': 1, 'C': 3}",['https://doi.org/10.1016/j.jallcom.2023.172102']
"{""A"": {""Ba"": 0.25, ""Gd"": 0.1, ""La"": 0.1, ""Pr"": 0.1, ""Sm"": 0.1, ""Sr"": 0.25, ""Y"": 0.1}, ""B"": {""Co"": 0.75, ""Fe"": 0.25}, ""C"": {""O"": 1.0}}",LaMnO3,Perovskite -Orthorhombic,"{'A': 1, 'B': 1, 'C': 3}",['https://doi.org/10.1016/j.jallcom.2023.172102']
"{""A"": {""Ba"": 0.25, ""Gd"": 0.1, ""La"": 0.1, ""Nd"": 0.1, ""Pr"": 0.1, ""Sm"": 0.1, ""Sr"": 0.25}, ""B"": {""Co"": 0.75, ""Fe"": 0.25}, ""C"": {""O"": 1.1}}",LaMnO3,Perovskite -Orthorhombic,"{'A': 1, 'B': 1, 'C': 3}",['https://doi.org/10.1016/j.jallcom.2023.172102']
"{""A"": {""Ba"": 0.5, ""Gd"": 0.1, ""La"": 0.1, ""Nd"": 0.1, ""Pr"": 0.1, ""Sm"": 0.1}, ""B"": {""Fe"": 1.0}, ""C"": {""O"": 1.0}}",LaMnO3,Perovskite -Orthorhombic,"{'A': 1, 'B': 1, 'C': 3}",['https://doi.org/10.1002/adfm.202304728']
"{""A"": {""Ba"": 0.1667, ""Ca"": 0.1667, ""Nd"": 0.1667, ""Pr"": 0.1667, ""Sm"": 0.1667, ""Sr"": 0.1667}, ""B"": {""Co"": 0.8571, ""Mn"": 0.1429}, ""C"": {""O"": 1.0}}",LaMnO3,Perovskite -Orthorhombic,"{'A': 1, 'B': 1, 'C': 3}",['https://doi.org/10.1016/j.apcatb.2024.124789']
"{""A"": {""Ba"": 0.5, ""La"": 0.5}, ""B"": {""Co"": 0.2, ""Cu"": 0.2, ""Fe"": 0.2, ""Mn"": 0.2, ""Ni"": 0.2}, ""C"": {""O"": 1.0}}",LaMnO3,Perovskite -Orthorhombic,"{'A': 1, 'B': 1, 'C': 3}",['https://doi.org/10.1016/j.jpowsour.2024.235809']
"{""A"": {""La"": 1.0}, ""B"": {""Co"": 0.2, ""Cu"": 0.2, ""Fe"": 0.2, ""Ga"": 0.2, ""Mn"": 0.2}, ""C"": {""O"": 1.0}}",LaMnO3,Perovskite -Orthorhombic,"{'A': 1, 'B': 1, 'C': 3}",['https://doi.org/10.1016/j.cej.2024.158974']
"{""A"": {""Ba"": 0.2, ""La"": 0.2, ""Pr"": 0.2, ""Sm"": 0.2, ""Sr"": 0.2}, ""B"": {""Fe"": 1.0}, ""C"": {""O"": 1.0}}",LaMnO3,Perovskite -Orthorhombic,"{'A': 1, 'B': 1, 'C': 3}",['https://doi.org/10.1016/j.jechem.2025.07.019']
"{""A"": {""Ba"": 0.2, ""La"": 0.2, ""Nd"": 0.2, ""Pr"": 0.2, ""Sr"": 0.2}, ""B"": {""Fe"": 1.0}, ""C"": {""O"": 1.0}}",LaMnO3,Perovskite -Orthorhombic,"{'A': 1, 'B': 1, 'C': 3}",['https://doi.org/10.1016/j.fuel.2025.135288']
"{""A"": {""Ba"": 0.2, ""Ca"": 0.2, ""Ce"": 0.2, ""La"": 0.2, ""Sr"": 0.2}, ""B"": {""Co"": 1.0}, ""C"": {""O"": 1.0}}",LaMnO3,Perovskite -Orthorhombic,"{'A': 1, 'B': 1, 'C': 3}",['https://doi.org/10.1039/d4cc00995a']
"{""A"": {""La"": 0.2, ""Nd"": 0.2, ""Pr"": 0.2, ""Sm"": 0.2, ""Sr"": 0.2}, ""B"": {""Co"": 0.2308, ""Fe"": 0.7692}, ""C"": {""O"": 1.0}}",LaMnO3,Perovskite -Orthorhombic,"{'A': 1, 'B': 1, 'C': 3}",['https://doi.org/10.1016/j.ceramint.2024.07.324']
"{""A"": {""Ba"": 0.1875, ""Ca"": 0.25, ""La"": 0.1875, ""Pr"": 0.1875, ""Sr"": 0.1875}, ""B"": {""Co"": 1.0}, ""C"": {""O"": 1.0}}",LaMnO3,Perovskite -Orthorhombic,"{'A': 1, 'B': 1, 'C': 3}",['https://doi.org/10.1016/j.apcatb.2024.124175']
"{""A"": {""La"": 0.7, ""Sr"": 0.3}, ""B"": {""Co"": 0.3, ""Fe"": 0.3, ""Mo"": 0.1, ""Ni"": 0.3}, ""C"": {""O"": 1.0}}",LaMnO3,Perovskite -Orthorhombic,"{'A': 1, 'B': 1, 'C': 3}",['https://doi.org/10.1016/j.ijhydene.2024.10.242']
"{""A"": {""La"": 0.7, ""Sr"": 0.3}, ""B"": {""Co"": 0.25, ""Fe"": 0.25, ""Mn"": 0.25, ""Ni"": 0.25}, ""C"": {""O"": 1.0}}",LaMnO3,Perovskite -Orthorhombic,"{'A': 1, 'B': 1, 'C': 3}",['https://doi.org/10.1016/j.ceramint.2023.06.275']
"{""A"": {""Ba"": 0.1, ""La"": 0.2, ""Nd"": 0.2, ""Pr"": 0.2, ""Sm"": 0.2, ""Sr"": 0.1}, ""B"": {""Co"": 0.2, ""Cu"": 0.1, ""Fe"": 0.6, ""Ni"": 0.1}, ""C"": {""O"": 1.0}}",LaMnO3,Perovskite -Orthorhombic,"{'A': 1, 'B': 1, 'C': 3}",['https://doi.org/10.1016/j.jallcom.2021.159633']
"{""A"": {""La"": 0.2, ""Nd"": 0.2, ""Pr"": 0.2, ""Sm"": 0.2, ""Sr"": 0.2}, ""B"": {""Mn"": 1.0}, ""C"": {""O"": 1.0}}",LaMnO3,Perovskite -Orthorhombic,"{'A': 1, 'B': 1, 'C': 3}",['https://doi.org/10.1016/j.jpowsour.2020.228959']
"{""A"": {""Ba"": 0.4, ""Ca"": 0.1, ""Pr"": 0.5}, ""B"": {""Co"": 0.2, ""Cu"": 0.2, ""Fe"": 0.2, ""Ni"": 0.2, ""Zn"": 0.2}, ""C"": {""O"": 1.0}}",LaMnO3,Perovskite -Orthorhombic,"{'A': 1, 'B': 1, 'C': 3}",['https://doi.org/10.1016/j.apcatb.2024.124314']
"{""A"": {""Ba"": 0.5, ""Gd"": 0.1, ""La"": 0.1, ""Nd"": 0.1, ""Pr"": 0.1, ""Sm"": 0.1}, ""B"": {""Co"": 0.5, ""Fe"": 0.5}, ""C"": {""O"": 1.0}}",LaMnO3,Perovskite -Orthorhombic,"{'A': 1, 'B': 1, 'C': 3}",['https://doi.org/10.1016/j.ceramint.2024.01.036']
"{""A"": {""Gd"": 0.2, ""La"": 0.2, ""Nd"": 0.2, ""Pr"": 0.2, ""Sm"": 0.2}, ""B"": {""Ba"": 0.5, ""Co"": 0.5}, ""C"": {""O"": 1.0}}",LaMnO3,Perovskite -Orthorhombic,"{'A': 1, 'B': 1, 'C': 3}",['https://doi.org/10.3389/fenrg.2022.899308']
"{""A"": {""Ba"": 0.2, ""Ca"": 0.2, ""La"": 0.2, ""Pr"": 0.4}, ""B"": {""Co"": 0.2, ""Fe"": 0.8}, ""C"": {""O"": 1.0}}",LaMnO3,Perovskite -Orthorhombic,"{'A': 1, 'B': 1, 'C': 3}",['https://doi.org/10.1016/j.ces.2024.120034']
"{""A"": {""Ba"": 0.4, ""Nd"": 0.1, ""Sr"": 0.5}, ""B"": {""Co"": 0.6, ""Fe"": 0.2, ""Ni"": 0.1, ""Zr"": 0.1}, ""C"": {""O"": 1.0}}",LaMnO3,Perovskite -Orthorhombic,"{'A': 1, 'B': 1, 'C': 3}",['https://doi.org/10.1007/s42114-024-01188-8']
"{""A"": {""Ba"": 0.2, ""La"": 0.2, ""Nd"": 0.2, ""Sm"": 0.2, ""Sr"": 0.2}, ""B"": {""Co"": 0.2, ""Fe"": 0.8}, ""C"": {""O"": 1.0}}",LaMnO3,Perovskite -Orthorhombic,"{'A': 1, 'B': 1, 'C': 3}",['https://doi.org/10.1016/j.jallcom.2024.173753']
"{""A"": {""Ba"": 0.2, ""Bi"": 0.2, ""La"": 0.2, ""Pr"": 0.2, ""Sr"": 0.2}, ""B"": {""Fe"": 1.0}, ""C"": {""O"": 1.0}}",LaMnO3,Perovskite -Orthorhombic,"{'A': 1, 'B': 1, 'C': 3}",['https://doi.org/10.1016/j.jallcom.2024.174357']
"{""A"": {""Ba"": 0.1667, ""Ca"": 0.1667, ""La"": 0.1667, ""Nd"": 0.1667, ""Pr"": 0.1667, ""Sr"": 0.1667}, ""B"": {""Fe"": 1.0}, ""C"": {""O"": 1.0}}",LaMnO3,Perovskite -Orthorhombic,"{'A': 1, 'B': 1, 'C': 3}",['https://doi.org/10.1039/D4TA01803F']
"{""A"": {""Ba"": 0.2, ""La"": 0.2, ""Nd"": 0.2, ""Pr"": 0.2, ""Sr"": 0.2}, ""B"": {""Co"": 0.2, ""Fe"": 0.8}, ""C"": {""O"": 1.0}}",LaMnO3,Perovskite -Orthorhombic,"{'A': 1, 'B': 1, 'C': 3}",['https://doi.org/10.1021/acssuschemeng.4c00707']
"{""A"": {""Ba"": 0.2, ""Ca"": 0.2, ""La"": 0.2, ""Pr"": 0.2, ""Sr"": 0.2}, ""B"": {""Co"": 1.0}, ""C"": {""O"": 1.0}}",LaMnO3,Perovskite -Orthorhombic,"{'A': 1, 'B': 1, 'C': 3}","['https://doi.org/10.1002/adma.202209469', 'https://doi.org/10.1016/j.jelechem.2023.117546', 'https://doi.org/10.1016/j.mattod.2023.02.006']"
"{""A"": {""Ba"": 0.2, ""La"": 0.2, ""Pr"": 0.2, ""Sr"": 0.2, ""Y"": 0.2}, ""B"": {""Co"": 0.2, ""Fe"": 0.8}, ""C"": {""O"": 1.0}}",LaMnO3,Perovskite -Orthorhombic,"{'A': 1, 'B': 1, 'C': 3}",['https://doi.org/10.1021/acsami.2c03657']
"{""A"": {""Co"": 0.2, ""Cr"": 0.2, ""Fe"": 0.2, ""Mn"": 0.2, ""Ni"": 0.2}, ""B"": {""S"": 1.0}}",,Pyrite,"{'A': 1, 'B': 2}","['https://doi.org/10.1002/aenm.202103090', 'https://doi.org/10.1002/adfm.202106229']"
"{""A"": {""Co"": 0.2, ""Cr"": 0.2, ""Cu"": 0.2, ""Fe"": 0.2, ""Ni"": 0.2}, ""B"": {""S"": 1.0}}",,Pyrite,"{'A': 1, 'B': 2}",['https://doi.org/10.1002/adfm.202106229']
"{""A"": {""Co"": 0.2, ""Cr"": 0.2, ""Fe"": 0.2, ""Ni"": 0.2, ""Zn"": 0.2}, ""B"": {""S"": 1.0}}",,Pyrite,"{'A': 1, 'B': 2}",['https://doi.org/10.1002/adfm.202106229']
"{""A"": {""Al"": 0.2, ""Co"": 0.2, ""Cr"": 0.2, ""Fe"": 0.2, ""Ni"": 0.2}, ""B"": {""S"": 1.0}}",,Pyrite,"{'A': 1, 'B': 2}",['https://doi.org/10.1002/adfm.202106229']
"{""A"": {""Eu"": 0.25, ""Gd"": 0.25, ""Nd"": 0.25, ""Sm"": 0.25}, ""B"": {""Zr"": 1.0}, ""C"": {""O"": 1.0}}",Gd2Ti2O7,pyrochlore,"{'A': 2, 'B': 2, 'C': 7}","['https://doi.org/10.1016/j.jeurceramsoc.2019.12.008', 'https://doi.org/10.1016/j.jmrt.2023.11.249']"
"{""A"": {""Eu"": 0.2, ""Gd"": 0.2, ""La"": 0.2, ""Nd"": 0.2, ""Sm"": 0.2}, ""B"": {""Zr"": 1.0}, ""C"": {""O"": 1.0}}",Gd2Ti2O7,pyrochlore,"{'A': 2, 'B': 2, 'C': 7}","['https://doi.org/10.1007/s11666-024-01744-0', 'https://doi.org/10.1007/s40145-019-0342-4', 'https://doi.org/10.1016/j.jallcom.2025.184053', 'https://doi.org/10.1016/j.jeurceramsoc.2019.12.008', 'https://doi.org/10.1016/j.jeurceramsoc.2024.01.014', 'https://doi.org/10.1016/j.pmatsci.2024.101385', 'https://doi.org/10.21203/rs.3.rs-1098359/v1']"
"{""A"": {""Dy"": 0.1667, ""Eu"": 0.1667, ""Gd"": 0.1667, ""La"": 0.1667, ""Nd"": 0.1667, ""Sm"": 0.1667}, ""B"": {""Zr"": 1.0}, ""C"": {""O"": 1.0}}",Gd2Ti2O7,pyrochlore,"{'A': 2, 'B': 2, 'C': 7}",['https://doi.org/10.1016/j.jeurceramsoc.2019.12.008']
"{""A"": {""Dy"": 0.1429, ""Eu"": 0.1429, ""Gd"": 0.1429, ""Ho"": 0.1429, ""La"": 0.1429, ""Nd"": 0.1429, ""Sm"": 0.1429}, ""B"": {""Zr"": 1.0}, ""C"": {""O"": 1.0}}",Gd2Ti2O7,pyrochlore,"{'A': 2, 'B': 2, 'C': 7}",['https://doi.org/10.1016/j.jeurceramsoc.2019.12.008']
"{""A"": {""Eu"": 0.2, ""Gd"": 0.2, ""Nd"": 0.2, ""Sm"": 0.2, ""Y"": 0.2}, ""B"": {""Zr"": 1.0}, ""C"": {""O"": 1.0}}",Gd2Ti2O7,pyrochlore,"{'A': 2, 'B': 2, 'C': 7}",['https://doi.org/10.1007/s40145-019-0342-4']
"{""A"": {""Eu"": 0.2, ""Gd"": 0.2, ""La"": 0.2, ""Sm"": 0.2, ""Y"": 0.2}, ""B"": {""Zr"": 1.0}, ""C"": {""O"": 1.0}}",Gd2Ti2O7,pyrochlore,"{'A': 2, 'B': 2, 'C': 7}",['https://doi.org/10.1007/s40145-019-0342-4']
"{""A"": {""Eu"": 0.2, ""Gd"": 0.2, ""La"": 0.2, ""Nd"": 0.2, ""Y"": 0.2}, ""B"": {""Zr"": 1.0}, ""C"": {""O"": 1.0}}",Gd2Ti2O7,pyrochlore,"{'A': 2, 'B': 2, 'C': 7}",['https://doi.org/10.1007/s40145-019-0342-4']
"{""A"": {""Gd"": 0.2, ""La"": 0.2, ""Nd"": 0.2, ""Sm"": 0.2, ""Y"": 0.2}, ""B"": {""Zr"": 1.0}, ""C"": {""O"": 1.0}}",Gd2Ti2O7,pyrochlore,"{'A': 2, 'B': 2, 'C': 7}","['https://doi.org/10.1007/s40145-019-0342-4', 'https://doi.org/10.1007/s40145-022-0589-z']"
"{""A"": {""Eu"": 0.2, ""La"": 0.2, ""Nd"": 0.2, ""Sm"": 0.2, ""Y"": 0.2}, ""B"": {""Zr"": 1.0}, ""C"": {""O"": 1.0}}",Gd2Ti2O7,pyrochlore,"{'A': 2, 'B': 2, 'C': 7}",['https://doi.org/10.1007/s40145-019-0342-4']
"{""A"": {""Ce"": 0.2, ""Eu"": 0.2, ""La"": 0.2, ""Nd"": 0.2, ""Sm"": 0.2}, ""B"": {""Zr"": 1.0}, ""C"": {""O"": 1.0}}",Gd2Ti2O7,pyrochlore,"{'A': 2, 'B': 2, 'C': 7}","['https://doi.org/10.1016/j.jeurceramsoc.2024.117103', 'https://doi.org/10.1016/j.jmst.2019.05.054', 'https://doi.org/10.1016/j.scriptamat.2019.12.006', 'https://doi.org/10.1016/j.scriptamat.2020.02.011']"
"{""A"": {""Sm"": 1.0}, ""B"": {""Hf"": 0.25, ""Sn"": 0.25, ""Ti"": 0.25, ""Zr"": 0.25}, ""C"": {""O"": 1.0}}",Gd2Ti2O7,pyrochlore,"{'A': 2, 'B': 2, 'C': 7}",['https://doi.org/10.1016/j.scriptamat.2020.02.011']
"{""A"": {""Gd"": 1.0}, ""B"": {""Hf"": 0.25, ""Sn"": 0.25, ""Ti"": 0.25, ""Zr"": 0.25}, ""C"": {""O"": 1.0}}",Gd2Ti2O7,pyrochlore,"{'A': 2, 'B': 2, 'C': 7}",['https://doi.org/10.1016/j.scriptamat.2020.02.011']
"{""A"": {""Gd"": 0.5, ""Sm"": 0.5}, ""B"": {""Hf"": 0.3333, ""Ti"": 0.3333, ""Zr"": 0.3333}, ""C"": {""O"": 1.0}}",Gd2Ti2O7,pyrochlore,"{'A': 2, 'B': 2, 'C': 7}",['https://doi.org/10.1016/j.scriptamat.2020.02.011']
"{""A"": {""Eu"": 0.5, ""Gd"": 0.5}, ""B"": {""Hf"": 0.3333, ""Ti"": 0.3333, ""Zr"": 0.3333}, ""C"": {""O"": 1.0}}",Gd2Ti2O7,pyrochlore,"{'A': 2, 'B': 2, 'C': 7}",['https://doi.org/10.1016/j.scriptamat.2020.02.011']
"{""A"": {""La"": 0.5, ""Pr"": 0.5}, ""B"": {""Hf"": 0.3333, ""Sn"": 0.3333, ""Zr"": 0.3333}, ""C"": {""O"": 1.0}}",Gd2Ti2O7,pyrochlore,"{'A': 2, 'B': 2, 'C': 7}",['https://doi.org/10.1016/j.scriptamat.2020.02.011']
"{""A"": {""Eu"": 0.5, ""Gd"": 0.5}, ""B"": {""Hf"": 0.3333, ""Sn"": 0.3333, ""Zr"": 0.3333}, ""C"": {""O"": 1.0}}",Gd2Ti2O7,pyrochlore,"{'A': 2, 'B': 2, 'C': 7}",['https://doi.org/10.1016/j.scriptamat.2020.02.011']
"{""A"": {""La"": 0.3333, ""Nd"": 0.3333, ""Pr"": 0.3333}, ""B"": {""Hf"": 0.5, ""Zr"": 0.5}, ""C"": {""O"": 1.0}}",Gd2Ti2O7,pyrochlore,"{'A': 2, 'B': 2, 'C': 7}",['https://doi.org/10.1016/j.scriptamat.2020.02.011']
"{""A"": {""Eu"": 0.3333, ""Gd"": 0.3333, ""Sm"": 0.3333}, ""B"": {""Hf"": 0.5, ""Zr"": 0.5}, ""C"": {""O"": 1.0}}",Gd2Ti2O7,pyrochlore,"{'A': 2, 'B': 2, 'C': 7}",['https://doi.org/10.1016/j.scriptamat.2020.02.011']
"{""A"": {""Eu"": 0.3333, ""Gd"": 0.3333, ""Sm"": 0.3333}, ""B"": {""Hf"": 0.3333, ""Sn"": 0.3333, ""Zr"": 0.3333}, ""C"": {""O"": 1.0}}",Gd2Ti2O7,pyrochlore,"{'A': 2, 'B': 2, 'C': 7}",['https://doi.org/10.1016/j.scriptamat.2020.02.011']
"{""A"": {""Eu"": 0.3333, ""Gd"": 0.3333, ""Sm"": 0.3333}, ""B"": {""Hf"": 0.25, ""Sn"": 0.25, ""Ti"": 0.25, ""Zr"": 0.25}, ""C"": {""O"": 1.0}}",Gd2Ti2O7,pyrochlore,"{'A': 2, 'B': 2, 'C': 7}",['https://doi.org/10.1016/j.scriptamat.2020.02.011']
"{""A"": {""Eu"": 0.25, ""Gd"": 0.25, ""Sm"": 0.25, ""Yb"": 0.25}, ""B"": {""Hf"": 0.25, ""Sn"": 0.25, ""Ti"": 0.25, ""Zr"": 0.25}, ""C"": {""O"": 1.0}}",Gd2Ti2O7,pyrochlore,"{'A': 2, 'B': 2, 'C': 7}",['https://doi.org/10.1016/j.scriptamat.2020.02.011']
"{""A"": {""Eu"": 0.3333, ""Gd"": 0.3333, ""Sm"": 0.3333}, ""B"": {""Hf"": 0.1667, ""Sn"": 0.1667, ""Ti"": 0.5, ""Zr"": 0.1667}, ""C"": {""O"": 1.0}}",Gd2Ti2O7,pyrochlore,"{'A': 2, 'B': 2, 'C': 7}",['https://doi.org/10.1016/j.scriptamat.2020.02.011']
"{""A"": {""Eu"": 0.3333, ""Gd"": 0.3333, ""Sm"": 0.3333}, ""B"": {""Hf"": 0.0833, ""Sn"": 0.0833, ""Ti"": 0.75, ""Zr"": 0.0833}, ""C"": {""O"": 1.0}}",Gd2Ti2O7,pyrochlore,"{'A': 2, 'B': 2, 'C': 7}",['https://doi.org/10.1016/j.scriptamat.2020.02.011']
"{""A"": {""Eu"": 0.3333, ""Gd"": 0.3333, ""Sm"": 0.3333}, ""B"": {""Ti"": 1.0}, ""C"": {""O"": 1.0}}",Gd2Ti2O7,pyrochlore,"{'A': 2, 'B': 2, 'C': 7}",['https://doi.org/10.1016/j.scriptamat.2020.02.011']
"{""A"": {""Eu"": 0.25, ""Gd"": 0.25, ""Sm"": 0.25, ""Yb"": 0.25}, ""B"": {""Hf"": 0.25, ""Ti"": 0.5, ""Zr"": 0.25}, ""C"": {""O"": 1.0}}",Gd2Ti2O7,pyrochlore,"{'A': 2, 'B': 2, 'C': 7}",['https://doi.org/10.1016/j.scriptamat.2020.02.011']
"{""A"": {""Ce"": 0.1429, ""Eu"": 0.1429, ""Gd"": 0.1429, ""La"": 0.1429, ""Nd"": 0.1429, ""Pr"": 0.1429, ""Sm"": 0.1429}, ""B"": {""Hf"": 0.5, ""Zr"": 0.5}, ""C"": {""O"": 1.0}}",Gd2Ti2O7,pyrochlore,"{'A': 2, 'B': 2, 'C': 7}",['https://doi.org/10.1016/j.scriptamat.2020.02.011']
"{""A"": {""Ce"": 0.1429, ""Eu"": 0.1429, ""Gd"": 0.1429, ""La"": 0.1429, ""Nd"": 0.1429, ""Pr"": 0.1429, ""Sm"": 0.1429}, ""B"": {""Hf"": 0.3333, ""Sn"": 0.3333, ""Zr"": 0.3333}, ""C"": {""O"": 1.0}}",Gd2Ti2O7,pyrochlore,"{'A': 2, 'B': 2, 'C': 7}",['https://doi.org/10.1016/j.scriptamat.2020.02.011']
"{""A"": {""Er"": 0.2, ""Ho"": 0.2, ""Lu"": 0.2, ""Tm"": 0.2, ""Yb"": 0.2}, ""B"": {""Zr"": 1.0}, ""C"": {""O"": 1.0}}",Gd2Ti2O7,pyrochlore,"{'A': 2, 'B': 2, 'C': 7}",['https://doi.org/10.1016/j.corsci.2025.112904']
"{""A"": {""La"": 0.2, ""Lu"": 0.2, ""Nd"": 0.2, ""Y"": 0.2, ""Yb"": 0.2}, ""B"": {""Zr"": 1.0}, ""C"": {""O"": 1.0}}",Gd2Ti2O7,pyrochlore,"{'A': 2, 'B': 2, 'C': 7}",['https://doi.org/10.1016/j.jeurceramsoc.2025.117361']
"{""A"": {""Er"": 0.2, ""Gd"": 0.2, ""La"": 0.2, ""Sm"": 0.2, ""Yb"": 0.2}, ""B"": {""Zr"": 1.0}, ""C"": {""O"": 1.0}}",Gd2Ti2O7,pyrochlore,"{'A': 2, 'B': 2, 'C': 7}",['https://doi.org/10.1007/s43207-025-00518-w']
"{""A"": {""Eu"": 0.2, ""La"": 0.2, ""Nd"": 0.2, ""Pr"": 0.2, ""Sm"": 0.2}, ""B"": {""Zr"": 1.0}, ""C"": {""O"": 1.0}}",Gd2Ti2O7,pyrochlore,"{'A': 2, 'B': 2, 'C': 7}",['https://doi.org/10.1016/j.ceramint.2025.01.460']
"{""A"": {""La"": 0.2, ""Lu"": 0.2, ""Nd"": 0.2, ""Tm"": 0.2, ""Yb"": 0.2}, ""B"": {""Zr"": 1.0}, ""C"": {""O"": 1.0}}",Gd2Ti2O7,pyrochlore,"{'A': 2, 'B': 2, 'C': 7}","['https://doi.org/10.1002/adem.202402593', 'https://doi.org/10.1016/j.jeurceramsoc.2025.117466']"
"{""A"": {""Eu"": 0.2, ""Gd"": 0.2, ""La"": 0.2, ""Nd"": 0.2, ""Sm"": 0.2}, ""B"": {""Ce"": 1.0}, ""C"": {""O"": 1.0}}",Gd2Ti2O7,pyrochlore,"{'A': 2, 'B': 2, 'C': 7}","['https://doi.org/10.1007/s40145-021-0563-1', 'https://doi.org/10.1016/j.corsci.2022.110414', 'https://doi.org/10.1016/j.jallcom.2025.179216', 'https://doi.org/10.1016/j.jeurceramsoc.2023.11.025', 'https://doi.org/10.1016/j.jmat.2024.100967', 'https://doi.org/10.1016/j.surfcoat.2024.130722', 'https://doi.org/10.1111/jace.18155']"
"{""A"": {""Er"": 0.2, ""Eu"": 0.2, ""Sm"": 0.2, ""Y"": 0.2, ""Yb"": 0.2}, ""B"": {""Zr"": 1.0}, ""C"": {""O"": 1.0}}",Gd2Ti2O7,pyrochlore,"{'A': 2, 'B': 2, 'C': 7}",['https://doi.org/10.1016/j.ceramint.2024.06.429']
"{""A"": {""La"": 0.25, ""Nd"": 0.25, ""Y"": 0.25, ""Yb"": 0.25}, ""B"": {""Ce"": 1.0}, ""C"": {""O"": 1.0}}",Gd2Ti2O7,pyrochlore,"{'A': 2, 'B': 2, 'C': 7}",['https://doi.org/10.1016/j.ceramint.2021.12.044']
"{""A"": {""Er"": 0.5, ""Y"": 0.5}, ""B"": {""Ce"": 0.2, ""Hf"": 0.2, ""Sn"": 0.2, ""Ti"": 0.2, ""Zr"": 0.2}, ""C"": {""O"": 1.0}}",Gd2Ti2O7,pyrochlore,"{'A': 2, 'B': 2, 'C': 7}",['https://doi.org/10.1016/j.mseb.2025.118145']
"{""A"": {""Er"": 0.2, ""Gd"": 0.2, ""Nd"": 0.2, ""Y"": 0.2, ""Yb"": 0.2}, ""B"": {""Zr"": 1.0}, ""C"": {""O"": 1.0}}",Gd2Ti2O7,pyrochlore,"{'A': 2, 'B': 2, 'C': 7}",['https://doi.org/10.1016/j.jallcom.2022.168551']
"{""A"": {""Er"": 0.05, ""Gd"": 0.05, ""Nd"": 0.58, ""Y"": 0.05, ""Yb"": 0.27}, ""B"": {""Zr"": 1.0}, ""C"": {""O"": 1.0}}",Gd2Ti2O7,pyrochlore,"{'A': 2, 'B': 2, 'C': 7}",['https://doi.org/10.1016/j.jallcom.2022.168551']
"{""A"": {""Dy"": 0.25, ""La"": 0.25, ""Y"": 0.25, ""Yb"": 0.25}, ""B"": {""Ce"": 1.0}, ""C"": {""O"": 1.0}}",Gd2Ti2O7,pyrochlore,"{'A': 2, 'B': 2, 'C': 7}",['https://doi.org/10.1016/j.ceramint.2021.12.044']
"{""A"": {""Dy"": 0.2, ""Eu"": 0.2, ""Lu"": 0.2, ""Sm"": 0.2, ""Tb"": 0.2}, ""B"": {""Ce"": 1.0}, ""C"": {""O"": 1.0}}",Gd2Ti2O7,pyrochlore,"{'A': 2, 'B': 2, 'C': 7}",['https://doi.org/10.1016/j.jeurceramsoc.2020.10.005']
"{""A"": {""Dy"": 0.2, ""Eu"": 0.2, ""Gd"": 0.2, ""Ho"": 0.2, ""Sm"": 0.2}, ""B"": {""Al"": 0.5, ""Sr"": 0.5}, ""C"": {""O"": 1.0}}",Gd2Ti2O7,pyrochlore,"{'A': 2, 'B': 2, 'C': 7}","['https://doi.org/10.1016/j.ceramint.2025.04.418', 'https://doi.org/10.1016/j.jallcom.2023.169978']"
"{""A"": {""Eu"": 0.25, ""La"": 0.25, ""Nd"": 0.25, ""Sm"": 0.25}, ""B"": {""Ce"": 1.0}, ""C"": {""O"": 1.0}}",Gd2Ti2O7,pyrochlore,"{'A': 2, 'B': 2, 'C': 7}",['https://doi.org/10.1016/j.jmrt.2023.08.150']
"{""A"": {""Eu"": 0.2, ""La"": 0.2, ""Nd"": 0.2, ""Sm"": 0.2, ""Y"": 0.2}, ""B"": {""Ce"": 1.0}, ""C"": {""O"": 1.0}}",Gd2Ti2O7,pyrochlore,"{'A': 2, 'B': 2, 'C': 7}",['https://doi.org/10.1016/j.ceramint.2024.08.427']
"{""A"": {""Gd"": 0.2, ""La"": 0.2, ""Nd"": 0.2, ""Sm"": 0.2, ""Y"": 0.2}, ""B"": {""Ce"": 1.0}, ""C"": {""O"": 1.0}}",Gd2Ti2O7,pyrochlore,"{'A': 2, 'B': 2, 'C': 7}",['https://doi.org/10.1016/j.jeurceramsoc.2021.05.043']
"{""A"": {""Er"": 0.2, ""Gd"": 0.2, ""La"": 0.2, ""Nd"": 0.2, ""Yb"": 0.2}, ""B"": {""Ce"": 1.0}, ""C"": {""O"": 1.0}}",Gd2Ti2O7,pyrochlore,"{'A': 2, 'B': 2, 'C': 7}","['https://doi.org/10.1016/j.ceramint.2025.02.111', 'https://doi.org/10.1016/j.jeurceramsoc.2021.05.043']"
"{""A"": {""Er"": 0.2, ""La"": 0.2, ""Sm"": 0.2, ""Y"": 0.2, ""Yb"": 0.2}, ""B"": {""Ce"": 1.0}, ""C"": {""O"": 1.0}}",Gd2Ti2O7,pyrochlore,"{'A': 2, 'B': 2, 'C': 7}","['https://doi.org/10.1016/j.jeurceramsoc.2021.05.043', 'https://doi.org/10.1111/jace.18155', 'https://doi.org/10.1111/jace.20355', 'https://doi.org/10.1111/jace.70249']"
"{""A"": {""Er"": 0.2, ""Gd"": 0.2, ""La"": 0.2, ""Y"": 0.2, ""Yb"": 0.2}, ""B"": {""Ce"": 1.0}, ""C"": {""O"": 1.0}}",Gd2Ti2O7,pyrochlore,"{'A': 2, 'B': 2, 'C': 7}",['https://doi.org/10.1016/j.jeurceramsoc.2021.05.043']
"{""A"": {""Dy"": 0.2, ""Er"": 0.2, ""Gd"": 0.2, ""Y"": 0.2, ""Yb"": 0.2}, ""B"": {""Ce"": 1.0}, ""C"": {""O"": 1.0}}",Gd2Ti2O7,pyrochlore,"{'A': 2, 'B': 2, 'C': 7}",['https://doi.org/10.1016/j.jeurceramsoc.2021.05.043']
"{""A"": {""Er"": 0.2, ""Gd"": 0.2, ""Lu"": 0.2, ""Sc"": 0.2, ""Yb"": 0.2}, ""B"": {""Ce"": 1.0}, ""C"": {""O"": 1.0}}",Gd2Ti2O7,pyrochlore,"{'A': 2, 'B': 2, 'C': 7}",['https://doi.org/10.1016/j.jeurceramsoc.2021.05.043']
"{""A"": {""Eu"": 0.2, ""Gd"": 0.2, ""La"": 0.2, ""Sm"": 0.2, ""Y"": 0.2}, ""B"": {""Ce"": 0.5, ""Zr"": 0.5}, ""C"": {""O"": 1.0}}",Gd2Ti2O7,pyrochlore,"{'A': 2, 'B': 2, 'C': 7}",['https://doi.org/10.1016/j.ceramint.2024.10.057']
"{""A"": {""Y"": 1.0}, ""B"": {""Ce"": 0.2, ""Hf"": 0.2, ""Sn"": 0.2, ""Ti"": 0.2, ""Zr"": 0.2}, ""C"": {""O"": 1.0}}",Gd2Ti2O7,pyrochlore,"{'A': 2, 'B': 2, 'C': 7}",['https://doi.org/10.1016/j.jeurceramsoc.2021.05.044']
"{""A"": {""Er"": 0.2, ""Gd"": 0.2, ""La"": 0.2, ""Nd"": 0.2, ""Sm"": 0.2}, ""B"": {""Zr"": 1.0}, ""C"": {""O"": 1.0}}",Gd2Ti2O7,pyrochlore,"{'A': 2, 'B': 2, 'C': 7}",['https://doi.org/10.1016/j.jallcom.2024.178047']
"{""A"": {""Ce"": 0.2, ""Eu"": 0.2, ""Nd"": 0.2, ""Sm"": 0.2, ""Yb"": 0.2}, ""B"": {""Zr"": 1.0}, ""C"": {""O"": 1.0}}",Gd2Ti2O7,pyrochlore,"{'A': 2, 'B': 2, 'C': 7}",['https://doi.org/10.1016/j.jeurceramsoc.2023.10.046']
"{""A"": {""Ce"": 0.2, ""Dy"": 0.2, ""Gd"": 0.2, ""La"": 0.2, ""Nd"": 0.2}, ""B"": {""Hf"": 1.0}, ""C"": {""O"": 1.0}}",Gd2Ti2O7,pyrochlore,"{'A': 2, 'B': 2, 'C': 7}",['https://doi.org/10.1111/jace.20157']
"{""A"": {""Ce"": 0.2, ""Gd"": 0.2, ""Ho"": 0.2, ""La"": 0.2, ""Nd"": 0.2}, ""B"": {""Hf"": 1.0}, ""C"": {""O"": 1.0}}",Gd2Ti2O7,pyrochlore,"{'A': 2, 'B': 2, 'C': 7}",['https://doi.org/10.1111/jace.20157']
"{""A"": {""Ce"": 0.2, ""Gd"": 0.2, ""La"": 0.2, ""Nd"": 0.2, ""Tm"": 0.2}, ""B"": {""Hf"": 1.0}, ""C"": {""O"": 1.0}}",Gd2Ti2O7,pyrochlore,"{'A': 2, 'B': 2, 'C': 7}",['https://doi.org/10.1111/jace.20157']
"{""A"": {""Gd"": 0.2, ""Ho"": 0.2, ""La"": 0.2, ""Nd"": 0.2, ""Y"": 0.2}, ""B"": {""Ce"": 0.25, ""Zr"": 0.75}, ""C"": {""O"": 1.0}}",Gd2Ti2O7,pyrochlore,"{'A': 2, 'B': 2, 'C': 7}",['https://doi.org/10.1016/j.jallcom.2025.180913']
"{""A"": {""Yb"": 1.0}, ""B"": {""Nb"": 0.33, ""Y"": 0.33, ""Zr"": 0.33}, ""C"": {""O"": 1.0}}",Gd2Ti2O7,pyrochlore,"{'A': 2, 'B': 2, 'C': 7}","['https://doi.org/10.1007/s11666-025-02033-0', 'https://doi.org/10.1038/s44334-025-00050-z']"
"{""A"": {""Er"": 0.3333, ""Y"": 0.3333, ""Yb"": 0.3333}, ""B"": {""Nb"": 0.5, ""Ta"": 0.5}, ""C"": {""O"": 1.0}}",Gd2Ti2O7,pyrochlore,"{'A': 2, 'B': 2, 'C': 7}",['https://doi.org/10.1016/j.ceramint.2021.12.069']
"{""A"": {""Dy"": 0.2, ""Er"": 0.2, ""Ho"": 0.2, ""Lu"": 0.2, ""Tm"": 0.2}, ""B"": {""Hf"": 1.0}, ""C"": {""O"": 1.0}}",Gd2Ti2O7,pyrochlore,"{'A': 2, 'B': 2, 'C': 7}","['https://doi.org/10.1016/j.ceramint.2024.02.148', 'https://doi.org/10.1016/j.jallcom.2025.179216', 'https://doi.org/10.1016/j.jeurceramsoc.2023.10.066', 'https://doi.org/10.1016/j.jeurceramsoc.2024.116979', 'https://doi.org/10.1016/j.jmrt.2023.10.039', 'https://doi.org/10.1016/j.surfcoat.2025.132183']"
"{""A"": {""Er"": 0.1667, ""Eu"": 0.1667, ""Lu"": 0.1667, ""Sm"": 0.1667, ""Y"": 0.1667, ""Yb"": 0.1667}, ""B"": {""Nb"": 0.5, ""Ta"": 0.5}, ""C"": {""O"": 1.0}}",Gd2Ti2O7,pyrochlore,"{'A': 2, 'B': 2, 'C': 7}",['https://doi.org/10.1007/s40145-020-0368-7']
"{""A"": {""Dy"": 0.2, ""Gd"": 0.2, ""Lu"": 0.2, ""Y"": 0.2, ""Yb"": 0.2}, ""B"": {""Gd"": 0.5, ""Ta"": 0.5}, ""C"": {""O"": 1.0}}",Gd2Ti2O7,pyrochlore,"{'A': 2, 'B': 2, 'C': 7}",['https://doi.org/10.1016/j.ceramint.2023.09.324']
"{""A"": {""La"": 0.2, ""Lu"": 0.2, ""Nd"": 0.2, ""Pr"": 0.2, ""Yb"": 0.2}, ""B"": {""Gd"": 0.5, ""Ta"": 0.5}, ""C"": {""O"": 1.0}}",Gd2Ti2O7,pyrochlore,"{'A': 2, 'B': 2, 'C': 7}",['https://doi.org/10.1016/j.ceramint.2023.09.324']
"{""A"": {""Dy"": 0.0833, ""Er"": 0.0833, ""Gd"": 0.0833, ""Sm"": 0.6667, ""Yb"": 0.0833}, ""B"": {""Ta"": 1.0}, ""C"": {""O"": 1.0}}",Gd2Ti2O7,pyrochlore,"{'A': 2, 'B': 2, 'C': 7}",['https://doi.org/10.1016/j.ceramint.2024.08.298']
"{""A"": {""Ce"": 0.2, ""La"": 0.2, ""Pr"": 0.2, ""Sc"": 0.2, ""Y"": 0.2}, ""B"": {""Zr"": 1.0}, ""C"": {""O"": 1.0}}",Gd2Ti2O7,pyrochlore,"{'A': 2, 'B': 2, 'C': 7}",['https://doi.org/10.1016/j.jmst.2023.05.060']
"{""A"": {""Ce"": 0.2, ""Er"": 0.2, ""Gd"": 0.2, ""La"": 0.2, ""Sm"": 0.2}, ""B"": {""Zr"": 1.0}, ""C"": {""O"": 1.0}}",Gd2Ti2O7,pyrochlore,"{'A': 2, 'B': 2, 'C': 7}",['https://doi.org/10.1016/j.ceramint.2024.08.427']
"{""A"": {""Dy"": 0.2, ""Er"": 0.2, ""Gd"": 0.2, ""Sm"": 0.2, ""Yb"": 0.2}, ""B"": {""Zr"": 1.0}, ""C"": {""O"": 1.0}}",Gd2Ti2O7,pyrochlore,"{'A': 2, 'B': 2, 'C': 7}",['https://doi.org/10.1111/jace.20629']
"{""A"": {""Eu"": 0.1333, ""Gd"": 0.1333, ""La"": 0.1333, ""Nd"": 0.1333, ""Sm"": 0.1333, ""Y"": 0.3333}, ""B"": {""Ce"": 1.0}, ""C"": {""O"": 1.0}}",Gd2Ti2O7,pyrochlore,"{'A': 2, 'B': 2, 'C': 7}",['https://doi.org/10.1016/j.jallcom.2025.179216']
"{""A"": {""Gd"": 1.0}, ""B"": {""Sn"": 0.3333, ""Ti"": 0.3333, ""Zr"": 0.3333}, ""C"": {""O"": 1.0}}",Gd2Ti2O7,pyrochlore,"{'A': 2, 'B': 2, 'C': 7}",['https://doi.org/10.1016/j.jallcom.2025.182667']
"{""A"": {""Gd"": 1.0}, ""B"": {""Ce"": 0.2, ""Hf"": 0.2, ""Sn"": 0.2, ""Ti"": 0.2, ""Zr"": 0.2}, ""C"": {""O"": 1.0}}",Gd2Ti2O7,pyrochlore,"{'A': 2, 'B': 2, 'C': 7}",['https://doi.org/10.1007/s12034-024-03331-z']
"{""A"": {""Dy"": 0.2, ""Er"": 0.2, ""Gd"": 0.2, ""Y"": 0.2, ""Yb"": 0.2}, ""B"": {""Hf"": 1.0}, ""C"": {""O"": 1.0}}",Gd2Ti2O7,pyrochlore,"{'A': 2, 'B': 2, 'C': 7}",['https://doi.org/10.1016/j.jmst.2021.05.054']
"{""A"": {""Eu"": 0.2, ""Gd"": 0.2, ""La"": 0.2, ""Nd"": 0.2, ""Sm"": 0.2}, ""B"": {""Hf"": 1.0}, ""C"": {""O"": 1.0}}",Gd2Ti2O7,pyrochlore,"{'A': 2, 'B': 2, 'C': 7}",['https://doi.org/10.1016/j.ceramint.2022.09.041']
"{""A"": {""Eu"": 1.0}, ""B"": {""Nb"": 0.2, ""Ta"": 0.2, ""Y"": 0.2, ""Yb"": 0.2, ""Zr"": 0.2}, ""C"": {""O"": 1.0}}",Gd2Ti2O7,pyrochlore,"{'A': 2, 'B': 2, 'C': 7}",['https://doi.org/10.1016/j.jeurceramsoc.2024.01.078']
"{""A"": {""Gd"": 0.5, ""La"": 0.5}, ""B"": {""Ce"": 0.2, ""Nb"": 0.2, ""Ta"": 0.2, ""Yb"": 0.2, ""Zr"": 0.2}, ""C"": {""O"": 1.0}}",Gd2Ti2O7,pyrochlore,"{'A': 2, 'B': 2, 'C': 7}",['https://doi.org/10.1016/j.ceramint.2025.07.098']
"{""A"": {""La"": 0.07, ""Lu"": 0.3, ""Nd"": 0.07, ""Tm"": 0.26, ""Yb"": 0.3}, ""B"": {""Zr"": 1.0}, ""C"": {""O"": 1.0}}",Gd2Ti2O7,pyrochlore,"{'A': 2, 'B': 2, 'C': 7}",['https://doi.org/10.1016/j.jeurceramsoc.2025.117466']
"{""A"": {""Ce"": 0.2, ""Eu"": 0.2, ""La"": 0.2, ""Nd"": 0.2, ""Sm"": 0.2}, ""B"": {""Ce"": 1.0}, ""C"": {""O"": 1.0}}",Gd2Ti2O7,pyrochlore,"{'A': 2, 'B': 2, 'C': 7}",['https://doi.org/10.1007/s12613-024-2853-4']
"{""A"": {""Er"": 0.2, ""Gd"": 0.2, ""Tm"": 0.2, ""Y"": 0.2, ""Yb"": 0.2}, ""B"": {""Zr"": 1.0}, ""C"": {""O"": 1.0}}",Gd2Ti2O7,pyrochlore,"{'A': 2, 'B': 2, 'C': 7}","['https://doi.org/10.1007/s11666-024-01744-0', 'https://doi.org/10.1016/j.ceramint.2023.03.205', 'https://doi.org/10.1016/j.jeurceramsoc.2023.12.039']"
"{""A"": {""Gd"": 0.2, ""La"": 0.2, ""Pr"": 0.2, ""Sm"": 0.2, ""Y"": 0.2}, ""B"": {""Ce"": 0.8, ""Zr"": 0.2}, ""C"": {""O"": 1.0}}",Gd2Ti2O7,pyrochlore,"{'A': 2, 'B': 2, 'C': 7}",['https://doi.org/10.1016/j.corsci.2023.111199']
"{""A"": {""Gd"": 0.2, ""La"": 0.2, ""Pr"": 0.2, ""Sm"": 0.2, ""Y"": 0.2}, ""B"": {""Ce"": 1.0}, ""C"": {""O"": 1.0}}",Gd2Ti2O7,pyrochlore,"{'A': 2, 'B': 2, 'C': 7}",['https://doi.org/10.1016/j.corsci.2023.111199']
"{""A"": {""Dy"": 0.2, ""Er"": 0.2, ""Hf"": 0.2, ""Ho"": 0.2, ""Tm"": 0.2}, ""B"": {""Hf"": 1.0}, ""C"": {""O"": 1.0}}",Gd2Ti2O7,pyrochlore,"{'A': 2, 'B': 2, 'C': 7}",['https://doi.org/10.1016/j.surfcoat.2025.132183']
"{""A"": {""Ce"": 0.0667, ""Eu"": 0.6667, ""Hf"": 0.0667, ""Ta"": 0.0667, ""Y"": 0.0667, ""Zr"": 0.0667}, ""B"": {""O"": 1.0}}",Gd2Ti2O7,pyrochlore,"{'A': 2, 'B': 2, 'C': 7}",['https://doi.org/10.1016/j.ceramint.2024.07.142']
"{""A"": {""Ce"": 0.2, ""Eu"": 0.2, ""Gd"": 0.2, ""La"": 0.2, ""Sm"": 0.2}, ""B"": {""Ce"": 1.0}, ""C"": {""O"": 1.0}}",Gd2Ti2O7,pyrochlore,"{'A': 2, 'B': 2, 'C': 7}",['https://doi.org/10.1016/j.ceramint.2024.12.227']
"{""A"": {""Dy"": 0.0833, ""Er"": 0.0833, ""Eu"": 0.0833, ""Gd"": 0.0833, ""Ho"": 0.0833, ""La"": 0.0833, ""Lu"": 0.0833, ""Nd"": 0.0833, ""Sm"": 0.0833, ""Tm"": 0.0833, ""Y"": 0.0833, ""Yb"": 0.0833}, ""B"": {""Zr"": 1.0}, ""C"": {""O"": 1.0}}",Gd2Ti2O7,pyrochlore,"{'A': 2, 'B': 2, 'C': 7}",['https://doi.org/10.1007/s11666-025-02033-0']
"{""A"": {""Dy"": 0.2, ""Eu"": 0.2, ""Gd"": 0.2, ""Nd"": 0.2, ""Sm"": 0.2}, ""B"": {""Ce"": 1.0}, ""C"": {""O"": 1.0}}",Gd2Ti2O7,pyrochlore,"{'A': 2, 'B': 2, 'C': 7}",['https://doi.org/10.1111/jace.18155']
"{""A"": {""Ce"": 0.2, ""Eu"": 0.2, ""La"": 0.2, ""Pr"": 0.2, ""Sm"": 0.2}, ""B"": {""Hf"": 1.0}, ""C"": {""O"": 1.0}}",Gd2Ti2O7,pyrochlore,"{'A': 2, 'B': 2, 'C': 7}",['https://doi.org/10.1016/j.corsci.2022.110714']
"{""A"": {""Dy"": 0.2, ""Er"": 0.2, ""Ho"": 0.2, ""Tm"": 0.2, ""Y"": 0.2}, ""B"": {""Hf"": 1.0}, ""C"": {""O"": 1.0}}",Gd2Ti2O7,pyrochlore,"{'A': 2, 'B': 2, 'C': 7}",['https://doi.org/10.1111/jace.20664']
"{""A"": {""Gd"": 0.2, ""La"": 0.2, ""Pr"": 0.2, ""Sm"": 0.2, ""Y"": 0.2}, ""B"": {""Ce"": 0.5, ""Zr"": 0.5}, ""C"": {""O"": 1.0}}",Gd2Ti2O7,pyrochlore,"{'A': 2, 'B': 2, 'C': 7}",['https://doi.org/10.1016/j.corsci.2023.111199']
"{""A"": {""Yb"": 1.0}, ""B"": {""Ce"": 0.2, ""Hf"": 0.2, ""Sn"": 0.2, ""Ti"": 0.2, ""Zr"": 0.2}, ""C"": {""O"": 1.0}}",Gd2Ti2O7,pyrochlore,"{'A': 2, 'B': 2, 'C': 7}",['https://doi.org/10.1016/j.jeurceramsoc.2024.116844']
"{""A"": {""Eu"": 0.2, ""Gd"": 0.2, ""Nd"": 0.2, ""Sm"": 0.2, ""Yb"": 0.2}, ""B"": {""Zr"": 1.0}, ""C"": {""O"": 1.0}}",Gd2Ti2O7,pyrochlore,"{'A': 2, 'B': 2, 'C': 7}",['https://doi.org/10.1016/j.corsci.2023.111529']
"{""A"": {""Er"": 0.25, ""Tm"": 0.25, ""Y"": 0.25, ""Yb"": 0.25}, ""B"": {""Si"": 1.0}, ""C"": {""O"": 1.0}}",Gd2Ti2O7,pyrochlore,"{'A': 2, 'B': 2, 'C': 7}",['https://doi.org/10.1016/j.jeurceramsoc.2024.05.065']
"{""A"": {""Gd"": 0.2, ""La"": 0.2, ""Pr"": 0.2, ""Sm"": 0.2, ""Y"": 0.2}, ""B"": {""Ce"": 0.2, ""Zr"": 0.8}, ""C"": {""O"": 1.0}}",Gd2Ti2O7,pyrochlore,"{'A': 2, 'B': 2, 'C': 7}",['https://doi.org/10.1016/j.corsci.2023.111199']
"{""A"": {""Ce"": 0.2, ""Dy"": 0.2, ""La"": 0.2, ""Nd"": 0.2, ""Y"": 0.2}, ""B"": {""Sn"": 1.0}, ""C"": {""O"": 1.0}}",Gd2Ti2O7,pyrochlore,"{'A': 2, 'B': 2, 'C': 7}",['https://doi.org/10.1007/s10008-022-05369-7']
"{""A"": {""Ca"": 0.2, ""Ce"": 0.2, ""La"": 0.2, ""Nd"": 0.2, ""Y"": 0.2}, ""B"": {""Sn"": 1.0}, ""C"": {""O"": 1.0}}",Gd2Ti2O7,pyrochlore,"{'A': 2, 'B': 2, 'C': 7}",['https://doi.org/10.1007/s10008-024-06092-1']
"{""A"": {""Ca"": 0.2, ""Ce"": 0.2, ""La"": 0.2, ""Mg"": 0.2, ""Y"": 0.2}, ""B"": {""Al"": 0.5, ""Sn"": 0.5}, ""C"": {""O"": 1.0}}",Gd2Ti2O7,pyrochlore,"{'A': 2, 'B': 2, 'C': 7}",['https://doi.org/10.1007/s11581-024-05899-2']
"{""A"": {""Er"": 0.2, ""Gd"": 0.2, ""Lu"": 0.2, ""Y"": 0.2, ""Yb"": 0.2}, ""B"": {""Zr"": 1.0}, ""C"": {""O"": 1.0}}",Gd2Ti2O7,pyrochlore,"{'A': 2, 'B': 2, 'C': 7}","['https://doi.org/10.1016/j.ceramint.2025.07.275', 'https://doi.org/10.1016/j.jmst.2021.07.053']"
"{""A"": {""Hf"": 0.25, ""Nb"": 0.25, ""Ta"": 0.25, ""Zr"": 0.25}, ""B"": {""C"": 1.0}}",NaCl,rock-salt,"{'A': 1, 'B': 1}","['https://doi.org/10.1038/s41598-018-26827-1', 'https://doi.org/10.1016/j.jeurceramsoc.2020.04.023']"
"{""A"": {""Hf"": 0.2, ""Nb"": 0.2, ""Ta"": 0.2, ""Ti"": 0.2, ""Zr"": 0.2}, ""B"": {""C"": 1.0}}",NaCl,rock-salt,"{'A': 1, 'B': 1}","['https://doi.org/10.1016/j.jeurceramsoc.2019.12.056', 'https://doi.org/10.1111/jace.17103', 'https://doi.org/10.1111/jace.17443', 'https://doi.org/10.1016/j.ceramint.2020.04.230', 'https://doi.org/10.1038/s41467-018-07160-7', 'https://doi.org/10.1016/j.jeurceramsoc.2021.05.002', 'https://doi.org/10.1111/jace.16672', 'https://doi.org/10.1111/jace.16295', 'https://doi.org/10.1016/j.actamat.2018.12.054']"
"{""A"": {""Hf"": 0.2, ""Nb"": 0.2, ""Ta"": 0.2, ""Ti"": 0.2, ""V"": 0.2}, ""B"": {""C"": 1.0}}",NaCl,rock-salt,"{'A': 1, 'B': 1}","['https://doi.org/10.1038/s41467-018-07160-7', 'https://doi.org/10.1007/s10853-021-06004-y', 'https://doi.org/10.1016/j.actamat.2018.12.054']"
"{""A"": {""Nb"": 0.2, ""Ta"": 0.2, ""Ti"": 0.2, ""V"": 0.2, ""W"": 0.2}, ""B"": {""C"": 1.0}}",NaCl,rock-salt,"{'A': 1, 'B': 1}","['https://doi.org/10.1038/s41467-018-07160-7', 'https://doi.org/10.1007/s10853-021-06004-y', 'https://doi.org/10.1016/j.actamat.2018.12.054']"
"{""A"": {""Hf"": 0.2, ""Ta"": 0.2, ""Ti"": 0.2, ""W"": 0.2, ""Zr"": 0.2}, ""B"": {""C"": 1.0}}",NaCl,rock-salt,"{'A': 1, 'B': 1}","['https://doi.org/10.1038/s41467-018-07160-7', 'https://doi.org/10.1016/j.actamat.2018.12.054', 'https://doi.org/10.1016/j.matdes.2021.109932']"
"{""A"": {""Hf"": 0.2, ""Nb"": 0.2, ""Ta"": 0.2, ""Ti"": 0.2, ""W"": 0.2}, ""B"": {""C"": 1.0}}",NaCl,rock-salt,"{'A': 1, 'B': 1}","['https://doi.org/10.1038/s41467-018-07160-7', 'https://doi.org/10.1016/j.actamat.2018.12.054']"
"{""A"": {""Mo"": 0.2, ""Nb"": 0.2, ""Ta"": 0.2, ""V"": 0.2, ""W"": 0.2}, ""B"": {""C"": 1.0}}",NaCl,rock-salt,"{'A': 1, 'B': 1}","['https://doi.org/10.1016/j.matdes.2021.109932', 'https://doi.org/10.1038/s41467-018-07160-7', 'https://doi.org/10.1016/j.actamat.2018.12.054', 'https://doi.org/10.1016/j.jeurceramsoc.2020.03.020']"
"{""A"": {""Hf"": 0.2, ""Mo"": 0.2, ""Nb"": 0.2, ""Ta"": 0.2, ""Ti"": 0.2}, ""B"": {""C"": 1.0}}",NaCl,rock-salt,"{'A': 1, 'B': 1}","['https://doi.org/10.1038/s41467-018-07160-7', 'https://doi.org/10.1016/j.actamat.2018.12.054', 'https://doi.org/10.1016/j.ceramint.2020.04.230']"
"{""A"": {""Nb"": 0.25, ""Ti"": 0.25, ""V"": 0.25, ""Zr"": 0.25}, ""B"": {""C"": 1.0}}",NaCl,rock-salt,"{'A': 1, 'B': 1}",['https://doi.org/10.1016/j.actamat.2019.03.021']
"{""A"": {""Nb"": 0.3333, ""Ti"": 0.3333, ""V"": 0.3333}, ""B"": {""C"": 0.6667, ""N"": 0.1, ""X"": 0.2333}}",NaCl,rock-salt,"{'A': 1, 'B': 1}",['https://doi.org/10.1063/1.5054954']
"{""A"": {""Nb"": 0.25, ""Ti"": 0.5, ""V"": 0.25}, ""B"": {""C"": 0.75, ""N"": 0.075, ""X"": 0.175}}",NaCl,rock-salt,"{'A': 1, 'B': 1}",['https://doi.org/10.1063/1.5054954']
"{""A"": {""Nb"": 0.2, ""Ta"": 0.2, ""Ti"": 0.4, ""V"": 0.2}, ""B"": {""C"": 0.8, ""N"": 0.06, ""X"": 0.14}}",NaCl,rock-salt,"{'A': 1, 'B': 1}",['https://doi.org/10.1063/1.5054954']
"{""A"": {""Mo"": 0.2857, ""Nb"": 0.1429, ""Ti"": 0.2857, ""V"": 0.1429, ""W"": 0.1429}, ""B"": {""C"": 0.6286, ""N"": 0.1429, ""X"": 0.2286}}",NaCl,rock-salt,"{'A': 1, 'B': 1}",['https://doi.org/10.1063/1.5054954']
"{""A"": {""Mo"": 0.25, ""Nb"": 0.125, ""Ta"": 0.125, ""Ti"": 0.25, ""V"": 0.125, ""W"": 0.125}, ""B"": {""C"": 0.75, ""N"": 0.0375, ""X"": 0.2125}}",NaCl,rock-salt,"{'A': 1, 'B': 1}",['https://doi.org/10.1063/1.5054954']
"{""A"": {""Mo"": 0.2, ""Nb"": 0.2, ""Ta"": 0.2, ""Ti"": 0.2, ""Zr"": 0.2}, ""B"": {""C"": 1.0}}",NaCl,rock-salt,"{'A': 1, 'B': 1}",['https://doi.org/10.1016/j.jmst.2019.07.056']
"{""A"": {""Hf"": 0.25, ""Mo"": 0.25, ""Ta"": 0.25, ""Ti"": 0.25}, ""B"": {""C"": 1.0}}",NaCl,rock-salt,"{'A': 1, 'B': 1}",['https://doi.org/10.3390/e21050474']
"{""A"": {""Nb"": 0.25, ""Ta"": 0.25, ""Ti"": 0.25, ""Zr"": 0.25}, ""B"": {""C"": 1.0}}",NaCl,rock-salt,"{'A': 1, 'B': 1}","['https://doi.org/10.1016/j.actamat.2020.06.011', 'https://doi.org/10.1016/j.oceram.2020.100015']"
"{""A"": {""Hf"": 0.18, ""Nb"": 0.21, ""Ta"": 0.17, ""Ti"": 0.2, ""W"": 0.03, ""Zr"": 0.21}, ""B"": {""C"": 1.0}}",NaCl,rock-salt,"{'A': 1, 'B': 1}",['https://doi.org/10.1016/j.jeurceramsoc.2020.05.040']
"{""A"": {""Hf"": 0.125, ""Mo"": 0.125, ""Nb"": 0.125, ""Ta"": 0.125, ""Ti"": 0.125, ""V"": 0.125, ""W"": 0.125, ""Zr"": 0.125}, ""B"": {""C"": 1.0}}",NaCl,rock-salt,"{'A': 1, 'B': 1}",['https://doi.org/10.1002/adts.202000111']
"{""A"": {""Cr"": 0.125, ""Hf"": 0.125, ""Mo"": 0.125, ""Nb"": 0.125, ""Ta"": 0.125, ""Ti"": 0.125, ""V"": 0.125, ""Zr"": 0.125}, ""B"": {""C"": 1.0}}",NaCl,rock-salt,"{'A': 1, 'B': 1}",['https://doi.org/10.1002/adts.202000111']
"{""A"": {""Cr"": 0.125, ""Hf"": 0.125, ""Nb"": 0.125, ""Ta"": 0.125, ""Ti"": 0.125, ""V"": 0.125, ""W"": 0.125, ""Zr"": 0.125}, ""B"": {""C"": 1.0}}",NaCl,rock-salt,"{'A': 1, 'B': 1}",['https://doi.org/10.1002/adts.202000111']
"{""A"": {""Mo"": 0.25, ""Nb"": 0.25, ""Ta"": 0.25, ""W"": 0.25}, ""B"": {""C"": 1.0}}",NaCl,rock-salt,"{'A': 1, 'B': 1}",['https://doi.org/10.1016/j.msea.2020.140520']
"{""A"": {""Hf"": 0.1667, ""Mo"": 0.1667, ""Nb"": 0.1667, ""Ta"": 0.1667, ""Ti"": 0.1667, ""Zr"": 0.1667}, ""B"": {""C"": 1.0}}",NaCl,rock-salt,"{'A': 1, 'B': 1}",['https://doi.org/10.1016/j.jmst.2020.07.019']
"{""A"": {""Co"": 0.25, ""Mg"": 0.25, ""Ni"": 0.25, ""Zn"": 0.25}, ""B"": {""O"": 1.0}}",NaCl,rock-salt,"{'A': 1, 'B': 1}","['https://doi.org/10.1016/j.jeurceramsoc.2016.09.018', 'https://doi.org/10.1038/s41467-018-05774-5']"
"{""A"": {""Co"": 0.2, ""Cu"": 0.2, ""Mg"": 0.2, ""Ni"": 0.2, ""Zn"": 0.2}, ""B"": {""O"": 1.0}}",NaCl,rock-salt,"{'A': 1, 'B': 1}","['https://doi.org/10.1002/adfm.202202892', 'https://doi.org/10.1002/adma.201805004', 'https://doi.org/10.1002/pssr.201600043', 'https://doi.org/10.1002/smll.202200524', 'https://doi.org/10.1007/s10853-018-2168-9', 'https://doi.org/10.1007/s11664-019-07512-z', 'https://doi.org/10.1016/j.cej.2023.147896', 'https://doi.org/10.1016/j.elecom.2019.02.001', 'https://doi.org/10.1016/j.jallcom.2017.02.070', 'https://doi.org/10.1016/j.jallcom.2018.11.049', 'https://doi.org/10.1016/j.jechem.2023.06.041', 'https://doi.org/10.1016/j.jeurceramsoc.2016.09.018', 'https://doi.org/10.1016/j.jpowsour.2023.232852', 'https://doi.org/10.1016/j.jpowsour.2024.234289', 'https://doi.org/10.1016/j.matlet.2018.01.111', 'https://doi.org/10.1016/j.scriptamat.2019.02.039', 'https://doi.org/10.1021/acs.chemmater.9b00624', 'https://doi.org/10.1021/acsaem.4c03317', 'https://doi.org/10.1038/ncomms9485', 'https://doi.org/10.1038/s41467-018-05774-5', 'https://doi.org/10.1038/s41598-017-13810-5', 'https://doi.org/10.1039/c8ta01772g', 'https://doi.org/10.1039/c9ra05508h', 'https://doi.org/10.1063/1.4962135', 'https://doi.org/10.1063/1.5080419', 'https://doi.org/10.1063/1.5091787', 'https://doi.org/10.1080/21663831.2018.1554605', 'https://doi.org/10.1103/physrevmaterials.3.104420', 'https://doi.org/10.1111/ijac.14021', 'https://doi.org/10.1111/jace.16075', 'https://doi.org/10.1111/jace.16511']"
"{""A"": {""Co"": 0.19, ""Cu"": 0.19, ""K"": 0.05, ""Mg"": 0.19, ""Ni"": 0.19, ""Zn"": 0.19}, ""B"": {""O"": 1.0}}",NaCl,rock-salt,"{'A': 1, 'B': 1}",['https://doi.org/10.1038/ncomms9485']
"{""A"": {""Co"": 0.25, ""Cu"": 0.25, ""Mg"": 0.25, ""Ni"": 0.25}, ""B"": {""O"": 1.0}}",NaCl,rock-salt,"{'A': 1, 'B': 1}",['https://doi.org/10.1038/s41467-018-05774-5']
"{""A"": {""Cu"": 0.25, ""Mg"": 0.25, ""Ni"": 0.25, ""Zn"": 0.25}, ""B"": {""O"": 1.0}}",NaCl,rock-salt,"{'A': 1, 'B': 1}",['https://doi.org/10.1038/s41467-018-05774-5']
"{""A"": {""Co"": 0.1667, ""Cu"": 0.1667, ""Mg"": 0.1667, ""Ni"": 0.1667, ""Sc"": 0.1667, ""Zn"": 0.1667}, ""B"": {""O"": 1.0}}",NaCl,rock-salt,"{'A': 1, 'B': 1}","['https://doi.org/10.1002/adma.201805004', 'https://doi.org/10.1557/mrc.2018.184', 'https://doi.org/10.1063/1.4962135']"
"{""A"": {""Co"": 0.1667, ""Cu"": 0.1667, ""Li"": 0.1667, ""Mg"": 0.1667, ""Ni"": 0.1667, ""Zn"": 0.1667}, ""B"": {""O"": 1.0}}",NaCl,rock-salt,"{'A': 1, 'B': 1}","['https://doi.org/10.1002/pssr.201600043', 'https://doi.org/10.1002/smll.202200524', 'https://doi.org/10.1063/1.4962135']"
"{""A"": {""Co"": 0.1667, ""Cu"": 0.1667, ""Mg"": 0.1667, ""Ni"": 0.1667, ""Sb"": 0.1667, ""Zn"": 0.1667}, ""B"": {""O"": 1.0}}",NaCl,rock-salt,"{'A': 1, 'B': 1}",['https://doi.org/10.1002/adma.201805004']
"{""A"": {""Co"": 0.1667, ""Cu"": 0.1667, ""Mg"": 0.1667, ""Ni"": 0.1667, ""Sn"": 0.1667, ""Zn"": 0.1667}, ""B"": {""O"": 1.0}}",NaCl,rock-salt,"{'A': 1, 'B': 1}",['https://doi.org/10.1002/adma.201805004']
"{""A"": {""Co"": 0.1667, ""Cr"": 0.1667, ""Cu"": 0.1667, ""Mg"": 0.1667, ""Ni"": 0.1667, ""Zn"": 0.1667}, ""B"": {""O"": 1.0}}",NaCl,rock-salt,"{'A': 1, 'B': 1}",['https://doi.org/10.1002/adma.201805004']
"{""A"": {""Co"": 0.1667, ""Cu"": 0.1667, ""Ge"": 0.1667, ""Mg"": 0.1667, ""Ni"": 0.1667, ""Zn"": 0.1667}, ""B"": {""O"": 1.0}}",NaCl,rock-salt,"{'A': 1, 'B': 1}",['https://doi.org/10.1002/adma.201805004']
"{""A"": {""Co"": 0.2, ""Cu"": 0.2, ""Ga"": 0.1, ""Li"": 0.1, ""Ni"": 0.2, ""Zn"": 0.2}, ""B"": {""O"": 1.0}}",NaCl,rock-salt,"{'A': 1, 'B': 1}",['https://doi.org/10.1063/1.5091787']
"{""A"": {""Co"": 0.2, ""Cu"": 0.2, ""Ga"": 0.1, ""Li"": 0.1, ""Mg"": 0.2, ""Ni"": 0.2}, ""B"": {""O"": 1.0}}",NaCl,rock-salt,"{'A': 1, 'B': 1}","['https://doi.org/10.1002/pssr.201600043', 'https://doi.org/10.1063/1.5091787']"
"{""A"": {""Co"": 0.19, ""Cu"": 0.19, ""Li"": 0.05, ""Mg"": 0.19, ""Ni"": 0.19, ""Zn"": 0.19}, ""B"": {""O"": 1.0}}",NaCl,rock-salt,"{'A': 1, 'B': 1}","['https://doi.org/10.1002/pssr.201600043', 'https://doi.org/10.1063/1.5091787']"
"{""A"": {""Cu"": 0.2, ""Ga"": 0.1, ""Li"": 0.1, ""Mg"": 0.2, ""Ni"": 0.2, ""Zn"": 0.2}, ""B"": {""O"": 1.0}}",NaCl,rock-salt,"{'A': 1, 'B': 1}",['https://doi.org/10.1063/1.5091787']
"{""A"": {""Co"": 0.2, ""Cu"": 0.2, ""Ga"": 0.1, ""Li"": 0.1, ""Mg"": 0.2, ""Zn"": 0.2}, ""B"": {""O"": 1.0}}",NaCl,rock-salt,"{'A': 1, 'B': 1}",['https://doi.org/10.1063/1.5091787']
"{""A"": {""Co"": 0.2, ""Ga"": 0.1, ""Li"": 0.1, ""Mg"": 0.2, ""Ni"": 0.2, ""Zn"": 0.2}, ""B"": {""O"": 1.0}}",NaCl,rock-salt,"{'A': 1, 'B': 1}",['https://doi.org/10.1063/1.5091787']
"{""A"": {""Co"": 0.16, ""Cu"": 0.16, ""Fe"": 0.1, ""Li"": 0.1, ""Mg"": 0.16, ""Ni"": 0.16, ""Zn"": 0.16}, ""B"": {""O"": 1.0}}",NaCl,rock-salt,"{'A': 1, 'B': 1}",['https://doi.org/10.1063/1.5091787']
"{""A"": {""Al"": 0.31, ""Cr"": 0.2, ""Fe"": 0.14, ""Ni"": 0.35}, ""B"": {""O"": 1.0}}",NaCl,rock-salt,"{'A': 1, 'B': 1}",['https://doi.org/10.1088/1674-1056/28/4/046201']
"{""A"": {""Co"": 0.196, ""Cu"": 0.196, ""Li"": 0.02, ""Mg"": 0.196, ""Ni"": 0.196, ""Zn"": 0.196}, ""B"": {""O"": 1.0}}",NaCl,rock-salt,"{'A': 1, 'B': 1}",['https://doi.org/10.1002/pssr.201600043']
"{""A"": {""Co"": 0.192, ""Cu"": 0.192, ""Li"": 0.04, ""Mg"": 0.192, ""Ni"": 0.192, ""Zn"": 0.192}, ""B"": {""O"": 1.0}}",NaCl,rock-salt,"{'A': 1, 'B': 1}",['https://doi.org/10.1002/pssr.201600043']
"{""A"": {""Co"": 0.188, ""Cu"": 0.188, ""Li"": 0.06, ""Mg"": 0.188, ""Ni"": 0.188, ""Zn"": 0.188}, ""B"": {""O"": 1.0}}",NaCl,rock-salt,"{'A': 1, 'B': 1}",['https://doi.org/10.1002/pssr.201600043']
"{""A"": {""Co"": 0.184, ""Cu"": 0.184, ""Li"": 0.08, ""Mg"": 0.184, ""Ni"": 0.184, ""Zn"": 0.184}, ""B"": {""O"": 1.0}}",NaCl,rock-salt,"{'A': 1, 'B': 1}",['https://doi.org/10.1002/pssr.201600043']
"{""A"": {""Co"": 0.18, ""Cu"": 0.18, ""Li"": 0.1, ""Mg"": 0.18, ""Ni"": 0.18, ""Zn"": 0.18}, ""B"": {""O"": 1.0}}",NaCl,rock-salt,"{'A': 1, 'B': 1}",['https://doi.org/10.1002/pssr.201600043']
"{""A"": {""Co"": 0.16, ""Cu"": 0.16, ""Li"": 0.2, ""Mg"": 0.16, ""Ni"": 0.16, ""Zn"": 0.16}, ""B"": {""O"": 1.0}}",NaCl,rock-salt,"{'A': 1, 'B': 1}",['https://doi.org/10.1002/pssr.201600043']
"{""A"": {""Co"": 0.14, ""Cu"": 0.14, ""Li"": 0.3, ""Mg"": 0.14, ""Ni"": 0.14, ""Zn"": 0.14}, ""B"": {""O"": 1.0}}",NaCl,rock-salt,"{'A': 1, 'B': 1}",['https://doi.org/10.1002/pssr.201600043']
"{""A"": {""Co"": 0.19, ""Cu"": 0.19, ""Ga"": 0.025, ""Li"": 0.025, ""Mg"": 0.19, ""Ni"": 0.19, ""Zn"": 0.19}, ""B"": {""O"": 1.0}}",NaCl,rock-salt,"{'A': 1, 'B': 1}",['https://doi.org/10.1002/pssr.201600043']
"{""A"": {""Co"": 0.18, ""Cu"": 0.18, ""Ga"": 0.05, ""Li"": 0.05, ""Mg"": 0.18, ""Ni"": 0.18, ""Zn"": 0.18}, ""B"": {""O"": 1.0}}",NaCl,rock-salt,"{'A': 1, 'B': 1}",['https://doi.org/10.1002/pssr.201600043']
"{""A"": {""Co"": 0.17, ""Cu"": 0.17, ""Ga"": 0.075, ""Li"": 0.075, ""Mg"": 0.17, ""Ni"": 0.17, ""Zn"": 0.17}, ""B"": {""O"": 1.0}}",NaCl,rock-salt,"{'A': 1, 'B': 1}",['https://doi.org/10.1002/pssr.201600043']
"{""A"": {""Co"": 0.105, ""Cu"": 0.09, ""Li"": 0.47, ""Mg"": 0.1, ""Ni"": 0.105, ""Zn"": 0.1}, ""B"": {""F"": 0.435, ""O"": 0.5}}",NaCl,rock-salt,"{'A': 1, 'B': 1}",['https://doi.org/10.1039/C9EE00368A']
"{""A"": {""Co"": 0.19, ""Cu"": 0.19, ""Li"": 0.05, ""Mg"": 0.19, ""Ni"": 0.19, ""Zn"": 0.19}, ""B"": {""O"": 0.975}}",NaCl,rock-salt,"{'A': 1, 'B': 1}",['https://doi.org/10.1021/acs.jpcc.9b04992']
"{""A"": {""Co"": 0.19, ""Cu"": 0.19, ""Mg"": 0.19, ""Mn"": 0.05, ""Ni"": 0.19, ""Zn"": 0.19}, ""B"": {""O"": 1.0}}",NaCl,rock-salt,"{'A': 1, 'B': 1}",['https://doi.org/10.1021/acs.jpcc.9b04992']
"{""A"": {""Co"": 0.27, ""Cu"": 0.1825, ""Mg"": 0.1825, ""Ni"": 0.1825, ""Zn"": 0.1825}, ""B"": {""O"": 1.0}}",NaCl,rock-salt,"{'A': 1, 'B': 1}","['https://doi.org/10.1038/s41598-017-13810-5', 'https://doi.org/10.1103/physrevmaterials.3.104420']"
"{""A"": {""Co"": 0.33, ""Cu"": 0.1675, ""Mg"": 0.1675, ""Ni"": 0.1675, ""Zn"": 0.1675}, ""B"": {""O"": 1.0}}",NaCl,rock-salt,"{'A': 1, 'B': 1}","['https://doi.org/10.1038/s41598-017-13810-5', 'https://doi.org/10.1103/physrevmaterials.3.104420']"
"{""A"": {""Co"": 0.196, ""Cu"": 0.196, ""Mg"": 0.196, ""Na"": 0.02, ""Ni"": 0.196, ""Zn"": 0.196}, ""B"": {""O"": 1.0}}",NaCl,rock-salt,"{'A': 1, 'B': 1}",['https://doi.org/10.1039/C6TA03249D']
"{""A"": {""Co"": 0.19, ""Cu"": 0.19, ""Mg"": 0.19, ""Na"": 0.05, ""Ni"": 0.19, ""Zn"": 0.19}, ""B"": {""O"": 1.0}}",NaCl,rock-salt,"{'A': 1, 'B': 1}",['https://doi.org/10.1039/C6TA03249D']
"{""A"": {""Co"": 0.18, ""Cu"": 0.18, ""Mg"": 0.18, ""Na"": 0.1, ""Ni"": 0.18, ""Zn"": 0.18}, ""B"": {""O"": 1.0}}",NaCl,rock-salt,"{'A': 1, 'B': 1}",['https://doi.org/10.1039/C6TA03249D']
"{""A"": {""Co"": 0.17, ""Cu"": 0.17, ""Mg"": 0.17, ""Na"": 0.15, ""Ni"": 0.17, ""Zn"": 0.17}, ""B"": {""O"": 1.0}}",NaCl,rock-salt,"{'A': 1, 'B': 1}",['https://doi.org/10.1039/C6TA03249D']
"{""A"": {""Co"": 0.2175, ""Cu"": 0.13, ""Mg"": 0.2175, ""Ni"": 0.2175, ""Zn"": 0.2175}, ""B"": {""O"": 1.0}}",NaCl,rock-salt,"{'A': 1, 'B': 1}",['https://doi.org/10.1016/j.matlet.2018.01.111']
"{""A"": {""Co"": 0.185, ""Cu"": 0.26, ""Mg"": 0.185, ""Ni"": 0.185, ""Zn"": 0.185}, ""B"": {""O"": 1.0}}",NaCl,rock-salt,"{'A': 1, 'B': 1}",['https://doi.org/10.1016/j.matlet.2018.01.111']
"{""A"": {""Co"": 0.2225, ""Cu"": 0.11, ""Mg"": 0.2225, ""Ni"": 0.2225, ""Zn"": 0.2225}, ""B"": {""O"": 1.0}}",NaCl,rock-salt,"{'A': 1, 'B': 1}",['https://doi.org/10.1103/physrevmaterials.3.104420']
"{""A"": {""Co"": 0.2075, ""Cu"": 0.17, ""Mg"": 0.2075, ""Ni"": 0.2075, ""Zn"": 0.2075}, ""B"": {""O"": 1.0}}",NaCl,rock-salt,"{'A': 1, 'B': 1}",['https://doi.org/10.1103/physrevmaterials.3.104420']
"{""A"": {""Co"": 0.19, ""Cu"": 0.24, ""Mg"": 0.19, ""Ni"": 0.19, ""Zn"": 0.19}, ""B"": {""O"": 1.0}}",NaCl,rock-salt,"{'A': 1, 'B': 1}",['https://doi.org/10.1103/physrevmaterials.3.104420']
"{""A"": {""Co"": 0.1825, ""Cu"": 0.27, ""Mg"": 0.1825, ""Ni"": 0.1825, ""Zn"": 0.1825}, ""B"": {""O"": 1.0}}",NaCl,rock-salt,"{'A': 1, 'B': 1}",['https://doi.org/10.1103/physrevmaterials.3.104420']
"{""A"": {""Co"": 0.1902, ""Cu"": 0.1902, ""Li"": 0.049, ""Mg"": 0.1902, ""Ni"": 0.1902, ""Zn"": 0.1902}, ""B"": {""O"": 1.0}}",NaCl,rock-salt,"{'A': 1, 'B': 1}",['https://doi.org/10.1111/jace.16511']
"{""A"": {""Co"": 0.1804, ""Cu"": 0.1804, ""Li"": 0.098, ""Mg"": 0.1804, ""Ni"": 0.1804, ""Zn"": 0.1804}, ""B"": {""O"": 1.0}}",NaCl,rock-salt,"{'A': 1, 'B': 1}",['https://doi.org/10.1111/jace.16511']
"{""A"": {""Co"": 0.1706, ""Cu"": 0.1706, ""Li"": 0.147, ""Mg"": 0.1706, ""Ni"": 0.1706, ""Zn"": 0.1706}, ""B"": {""O"": 1.0}}",NaCl,rock-salt,"{'A': 1, 'B': 1}",['https://doi.org/10.1111/jace.16511']
"{""A"": {""Co"": 0.1608, ""Cu"": 0.1608, ""Li"": 0.196, ""Mg"": 0.1608, ""Ni"": 0.1608, ""Zn"": 0.1608}, ""B"": {""O"": 1.0}}",NaCl,rock-salt,"{'A': 1, 'B': 1}",['https://doi.org/10.1111/jace.16511']
"{""A"": {""Co"": 0.156, ""Cu"": 0.156, ""Li"": 0.22, ""Mg"": 0.156, ""Ni"": 0.156, ""Zn"": 0.156}, ""B"": {""O"": 1.0}}",NaCl,rock-salt,"{'A': 1, 'B': 1}",['https://doi.org/10.1111/jace.16511']
"{""A"": {""Co"": 0.151, ""Cu"": 0.151, ""Li"": 0.245, ""Mg"": 0.151, ""Ni"": 0.151, ""Zn"": 0.151}, ""B"": {""O"": 1.0}}",NaCl,rock-salt,"{'A': 1, 'B': 1}",['https://doi.org/10.1111/jace.16511']
"{""A"": {""Co"": 0.1462, ""Cu"": 0.1462, ""Li"": 0.269, ""Mg"": 0.1462, ""Ni"": 0.1462, ""Zn"": 0.1462}, ""B"": {""O"": 1.0}}",NaCl,rock-salt,"{'A': 1, 'B': 1}",['https://doi.org/10.1111/jace.16511']
"{""A"": {""Co"": 0.1412, ""Cu"": 0.1412, ""Li"": 0.294, ""Mg"": 0.1412, ""Ni"": 0.1412, ""Zn"": 0.1412}, ""B"": {""O"": 1.0}}",NaCl,rock-salt,"{'A': 1, 'B': 1}",['https://doi.org/10.1111/jace.16511']
"{""A"": {""Hf"": 0.2, ""Nb"": 0.2, ""Ta"": 0.2, ""Ti"": 0.2, ""Zr"": 0.2}, ""B"": {""N"": 1.0}}",NaCl,rock-salt,"{'A': 1, 'B': 1}","['https://doi.org/10.1038/s41598-020-76945-y', 'https://doi.org/10.1016/j.ceramint.2025.01.163', 'https://doi.org/10.1016/j.ceramint.2025.02.106']"
"{""A"": {""Hf"": 0.33, ""Ti"": 0.33, ""Zr"": 0.33}, ""B"": {""C"": 0.5, ""N"": 0.5}}",NaCl,rock-salt,"{'A': 1, 'B': 1}",['https://doi.org/10.1007/s40843-020-1610-9']
"{""A"": {""Hf"": 0.25, ""Nb"": 0.25, ""Ti"": 0.25, ""Zr"": 0.25}, ""B"": {""C"": 0.5, ""N"": 0.5}}",NaCl,rock-salt,"{'A': 1, 'B': 1}",['https://doi.org/10.1007/s40843-020-1610-9']
"{""A"": {""Hf"": 0.2, ""Nb"": 0.2, ""Ta"": 0.2, ""Ti"": 0.2, ""Zr"": 0.2}, ""B"": {""C"": 0.5, ""N"": 0.5}}",NaCl,rock-salt,"{'A': 1, 'B': 1}",['https://doi.org/10.1007/s40843-020-1610-9']
"{""A"": {""Hf"": 0.2, ""Nb"": 0.2, ""Ti"": 0.2, ""V"": 0.2, ""Zr"": 0.2}, ""B"": {""N"": 1.0}}",NaCl,rock-salt,"{'A': 1, 'B': 1}",['https://doi.org/10.1016/j.matdes.2022.110798']
"{""A"": {""Al"": 0.14, ""Hf"": 0.172, ""Nb"": 0.172, ""Ti"": 0.172, ""V"": 0.172, ""Zr"": 0.172}, ""B"": {""N"": 1.0}}",NaCl,rock-salt,"{'A': 1, 'B': 1}",['https://doi.org/10.1016/j.matdes.2022.110798']
"{""A"": {""Al"": 0.51, ""Hf"": 0.098, ""Nb"": 0.098, ""Ti"": 0.098, ""V"": 0.098, ""Zr"": 0.098}, ""B"": {""N"": 1.0}}",NaCl,rock-salt,"{'A': 1, 'B': 1}",['https://doi.org/10.1016/j.matdes.2022.110798']
"{""A"": {""Al"": 0.64, ""Hf"": 0.072, ""Nb"": 0.072, ""Ti"": 0.072, ""V"": 0.072, ""Zr"": 0.072}, ""B"": {""N"": 1.0}}",NaCl,rock-salt,"{'A': 1, 'B': 1}",['https://doi.org/10.1016/j.matdes.2022.110798']
"{""A"": {""Hf"": 0.1667, ""Nb"": 0.1667, ""Ta"": 0.1667, ""Ti"": 0.1667, ""V"": 0.1667, ""Zr"": 0.1667}, ""B"": {""N"": 1.0}}",NaCl,rock-salt,"{'A': 1, 'B': 1}",['https://doi.org/10.1016/j.matdes.2022.110798']
"{""A"": {""Al"": 0.13, ""Hf"": 0.145, ""Nb"": 0.145, ""Ta"": 0.145, ""Ti"": 0.145, ""V"": 0.145, ""Zr"": 0.145}, ""B"": {""N"": 1.0}}",NaCl,rock-salt,"{'A': 1, 'B': 1}",['https://doi.org/10.1016/j.matdes.2022.110798']
"{""A"": {""Al"": 0.45, ""Hf"": 0.0917, ""Nb"": 0.0917, ""Ta"": 0.0917, ""Ti"": 0.0917, ""V"": 0.0917, ""Zr"": 0.0917}, ""B"": {""N"": 1.0}}",NaCl,rock-salt,"{'A': 1, 'B': 1}",['https://doi.org/10.1016/j.matdes.2022.110798']
"{""A"": {""Al"": 0.61, ""Hf"": 0.065, ""Nb"": 0.065, ""Ta"": 0.065, ""Ti"": 0.065, ""V"": 0.065, ""Zr"": 0.065}, ""B"": {""N"": 1.0}}",NaCl,rock-salt,"{'A': 1, 'B': 1}",['https://doi.org/10.1016/j.matdes.2022.110798']
"{""A"": {""Hf"": 0.2, ""Nb"": 0.2, ""Ta"": 0.2, ""Ti"": 0.2, ""Zr"": 0.2}, ""B"": {""N"": 0.88}}",NaCl,rock-salt,"{'A': 1, 'B': 1}",['https://doi.org/10.1038/s41598-020-78175-8']
"{""A"": {""Cr"": 0.2, ""Nb"": 0.2, ""Ta"": 0.2, ""Ti"": 0.2, ""V"": 0.2}, ""B"": {""N"": 0.83}}",NaCl,rock-salt,"{'A': 1, 'B': 1}",['https://doi.org/10.1038/s41598-020-78175-8']
"{""A"": {""Cr"": 0.2, ""Hf"": 0.2, ""Nb"": 0.2, ""Ta"": 0.2, ""Ti"": 0.2}, ""B"": {""N"": 0.9}}",NaCl,rock-salt,"{'A': 1, 'B': 1}",['https://doi.org/10.1038/s41598-020-78175-8']
"{""A"": {""Cr"": 0.2, ""Hf"": 0.2, ""Nb"": 0.2, ""Ti"": 0.2, ""Zr"": 0.2}, ""B"": {""N"": 0.91}}",NaCl,rock-salt,"{'A': 1, 'B': 1}",['https://doi.org/10.1038/s41598-020-78175-8']
"{""A"": {""Cr"": 0.2, ""Hf"": 0.2, ""Ta"": 0.2, ""Ti"": 0.2, ""Zr"": 0.2}, ""B"": {""N"": 0.92}}",NaCl,rock-salt,"{'A': 1, 'B': 1}",['https://doi.org/10.1038/s41598-020-78175-8']
"{""A"": {""Hf"": 0.2, ""Nb"": 0.2, ""Ta"": 0.2, ""Ti"": 0.2, ""Zr"": 0.2}, ""B"": {""C"": 0.455, ""N"": 0.455}}",NaCl,rock-salt,"{'A': 1, 'B': 1}",['https://doi.org/10.1038/s41598-020-78175-8']
"{""A"": {""Cr"": 0.2, ""Nb"": 0.2, ""Ta"": 0.2, ""Ti"": 0.2, ""V"": 0.2}, ""B"": {""C"": 0.405, ""N"": 0.405}}",NaCl,rock-salt,"{'A': 1, 'B': 1}",['https://doi.org/10.1038/s41598-020-78175-8']
"{""A"": {""Cr"": 0.2, ""Hf"": 0.2, ""Nb"": 0.2, ""Ta"": 0.2, ""Ti"": 0.2}, ""B"": {""C"": 0.455, ""N"": 0.455}}",NaCl,rock-salt,"{'A': 1, 'B': 1}",['https://doi.org/10.1038/s41598-020-78175-8']
"{""A"": {""Cr"": 0.2, ""Hf"": 0.2, ""Nb"": 0.2, ""Ti"": 0.2, ""Zr"": 0.2}, ""B"": {""C"": 0.45, ""N"": 0.45}}",NaCl,rock-salt,"{'A': 1, 'B': 1}",['https://doi.org/10.1038/s41598-020-78175-8']
"{""A"": {""Cr"": 0.2, ""Hf"": 0.2, ""Ta"": 0.2, ""Ti"": 0.2, ""Zr"": 0.2}, ""B"": {""C"": 0.445, ""N"": 0.445}}",NaCl,rock-salt,"{'A': 1, 'B': 1}",['https://doi.org/10.1038/s41598-020-78175-8']
"{""A"": {""Cr"": 0.2, ""Mo"": 0.2, ""Ta"": 0.2, ""V"": 0.2, ""W"": 0.2}, ""B"": {""C"": 0.325, ""N"": 0.325}}",NaCl,rock-salt,"{'A': 1, 'B': 1}",['https://doi.org/10.1038/s41598-020-78175-8']
"{""A"": {""Ag"": 0.5, ""Cu"": 0.5}, ""B"": {""S"": 0.3333, ""Se"": 0.3333, ""Te"": 0.3333}}",NaCl,rock-salt,"{'A': 1, 'B': 1}",['https://doi.org/10.1002/adma.201702712']
"{""A"": {""Ge"": 0.3333, ""Pb"": 0.3333, ""Sn"": 0.3333}, ""B"": {""S"": 0.3333, ""Se"": 0.3333, ""Te"": 0.3333}}",NaCl,rock-salt,"{'A': 1, 'B': 1}",['https://doi.org/10.1021/acs.chemmater.0c01555']
"{""A"": {""Pb"": 0.3333, ""Sb"": 0.3333, ""Sn"": 0.3333}, ""B"": {""S"": 0.3333, ""Se"": 0.3333, ""Te"": 0.3333}}",NaCl,rock-salt,"{'A': 1, 'B': 1}",['https://doi.org/10.1126/science.abe1292']
"{""A"": {""Ag"": 0.3333, ""Bi"": 0.3333, ""Pb"": 0.3333}, ""B"": {""S"": 0.3333, ""Se"": 0.3333, ""Te"": 0.3333}}",NaCl,rock-salt,"{'A': 1, 'B': 1}",['https://doi.org/10.1080/21663831.2021.1929533']
"{""A"": {""Ag"": 0.25, ""Bi"": 0.25, ""In"": 0.25, ""Pb"": 0.25}, ""B"": {""Se"": 0.25, ""Te"": 0.75}}",NaCl,rock-salt,"{'A': 1, 'B': 1}",['https://doi.org/10.1039/d0dt01880e']
"{""A"": {""Ag"": 0.25, ""Bi"": 0.25, ""In"": 0.25, ""Pb"": 0.25}, ""B"": {""Se"": 0.5, ""Te"": 0.5}}",NaCl,rock-salt,"{'A': 1, 'B': 1}",['https://doi.org/10.1039/d0dt01880e']
"{""A"": {""Ag"": 0.2, ""Cd"": 0.2, ""Pb"": 0.2, ""Sb"": 0.2, ""Sn"": 0.2}, ""B"": {""Te"": 1.0}}",NaCl,rock-salt,"{'A': 1, 'B': 1}",['https://doi.org/10.35848/1882-0786/ab7482']
"{""A"": {""Ag"": 0.2, ""In"": 0.2, ""Pb"": 0.2, ""Sb"": 0.2, ""Sn"": 0.2}, ""B"": {""Te"": 1.0}}",NaCl,rock-salt,"{'A': 1, 'B': 1}",['https://doi.org/10.35848/1882-0786/ab7482']
"{""A"": {""Ag"": 0.2, ""Cd"": 0.2, ""In"": 0.2, ""Sb"": 0.2, ""Sn"": 0.2}, ""B"": {""Te"": 1.0}}",NaCl,rock-salt,"{'A': 1, 'B': 1}",['https://doi.org/10.35848/1882-0786/ab7482']
"{""A"": {""Ag"": 0.2, ""Bi"": 0.2, ""Cd"": 0.2, ""Pb"": 0.2, ""Sn"": 0.2}, ""B"": {""Te"": 1.0}}",NaCl,rock-salt,"{'A': 1, 'B': 1}",['https://doi.org/10.35848/1882-0786/ab7482']
"{""A"": {""Ag"": 0.2, ""Bi"": 0.2, ""Cd"": 0.2, ""In"": 0.2, ""Pb"": 0.2}, ""B"": {""Te"": 1.0}}",NaCl,rock-salt,"{'A': 1, 'B': 1}",['https://doi.org/10.35848/1882-0786/ab7482']
"{""A"": {""Ag"": 0.2, ""Bi"": 0.2, ""Cd"": 0.2, ""In"": 0.2, ""Sn"": 0.2}, ""B"": {""Te"": 1.0}}",NaCl,rock-salt,"{'A': 1, 'B': 1}",['https://doi.org/10.35848/1882-0786/ab7482']
"{""A"": {""Ag"": 0.1, ""Ge"": 0.68, ""Pb"": 0.12, ""Sb"": 0.1}, ""B"": {""Te"": 1.0}}",NaCl,rock-salt,"{'A': 1, 'B': 1}",['https://doi.org/10.1002/aenm.202201043']
"{""A"": {""Ge"": 0.84, ""Pb"": 0.025, ""Sb"": 0.11, ""Sn"": 0.025}, ""B"": {""Te"": 1.0}}",NaCl,rock-salt,"{'A': 1, 'B': 1}",['https://doi.org/10.1021/jacs.0c07803']
"{""A"": {""Ge"": 0.243, ""Pb"": 0.5, ""Sn"": 0.25}, ""B"": {""Te"": 1.0}}",NaCl,rock-salt,"{'A': 1, 'B': 1}",['https://doi.org/10.1080/21663831.2016.1244116']
"{""A"": {""Ag"": 0.1, ""Ge"": 0.58, ""Sb"": 0.22, ""Sn"": 0.1}, ""B"": {""Se"": 0.2, ""Te"": 0.8}}",NaCl,rock-salt,"{'A': 1, 'B': 1}",['https://doi.org/10.1021/acsami.1c14801']
"{""A"": {""Cd"": 0.02, ""Ge"": 0.196, ""Pb"": 0.147, ""Sb"": 0.0588, ""Sn"": 0.5782}, ""B"": {""Te"": 1.0}}",NaCl,rock-salt,"{'A': 1, 'B': 1}",['https://doi.org/10.1002/adfm.202205458']
"{""A"": {""Bi"": 0.02, ""Ge"": 0.4, ""Sb"": 0.12, ""Sn"": 0.4}, ""B"": {""Te"": 1.0}}",NaCl,rock-salt,"{'A': 1, 'B': 1}",['https://doi.org/10.1039/D0TA06013E']
"{""A"": {""Ag"": 0.1, ""Ge"": 0.8, ""Sb"": 0.1}, ""B"": {""Se"": 0.2, ""Te"": 0.8}}",NaCl,rock-salt,"{'A': 1, 'B': 1}",['https://doi.org/10.1002/chem.201701480']
"{""A"": {""Ag"": 0.1, ""Bi"": 0.05, ""Ge"": 0.8, ""Sb"": 0.05}, ""B"": {""Te"": 1.0}}",NaCl,rock-salt,"{'A': 1, 'B': 1}",['https://doi.org/10.1007/s40843-022-2211-8']
"{""A"": {""Ag"": 0.3333, ""Sb"": 0.3333, ""Sn"": 0.3333}, ""B"": {""Se"": 0.5, ""Te"": 0.5}}",NaCl,rock-salt,"{'A': 1, 'B': 1}",['https://doi.org/10.1021/jacs.0c07803']
"{""A"": {""Cd"": 0.0333, ""Ge"": 0.82, ""Mn"": 0.0333, ""Sb"": 0.08, ""Zn"": 0.0333}, ""B"": {""Te"": 1.0}}",NaCl,rock-salt,"{'A': 1, 'B': 1}",['https://doi.org/10.3390/ma15196798']
"{""A"": {""Ag"": 0.1, ""Bi"": 0.1, ""Ge"": 0.8}, ""B"": {""Se"": 0.2, ""Te"": 0.8}}",NaCl,rock-salt,"{'A': 1, 'B': 1}",['https://doi.org/10.1021/jacs.9b11405']
"{""A"": {""Ag"": 0.25, ""Bi"": 0.25, ""Ge"": 0.5}, ""B"": {""Se"": 0.5, ""Te"": 0.5}}",NaCl,rock-salt,"{'A': 1, 'B': 1}",['https://doi.org/10.1021/jacs.9b11405']
"{""A"": {""Ag"": 0.2, ""Ge"": 1.0, ""Sb"": 0.2}, ""B"": {""Se"": 1.4}}",NaCl,rock-salt,"{'A': 1, 'B': 1}",['https://doi.org/10.1021/jacs.0c07803']
"{""A"": {""Ge"": 0.84, ""In"": 0.01, ""Pb"": 0.1, ""Sb"": 0.05}, ""B"": {""I"": 0.003, ""Te"": 0.997}}",NaCl,rock-salt,"{'A': 1, 'B': 1}",['https://doi.org/10.1039/D0TA06013E']
"{""A"": {""Ga"": 0.025, ""Ge"": 0.2437, ""Mn"": 0.2437, ""Pb"": 0.2437, ""Sn"": 0.2437}, ""B"": {""Te"": 1.0}}",NaCl,rock-salt,"{'A': 1, 'B': 1}",['https://doi.org/10.1021/acsami.1c00221']
"{""A"": {""Ge"": 0.15, ""Mn"": 0.15, ""Sb"": 0.028, ""Sn"": 0.672}, ""B"": {""Te"": 1.0}}",NaCl,rock-salt,"{'A': 1, 'B': 1}",['https://doi.org/10.1016/j.nanoen.2022.106940']
"{""A"": {""Pb"": 0.89, ""Sb"": 0.01, ""Sn"": 0.1}, ""B"": {""S"": 0.25, ""Se"": 0.5, ""Te"": 0.25}}",NaCl,rock-salt,"{'A': 1, 'B': 1}",['https://doi.org/10.1126/science.abe1292']
"{""A"": {""Cd"": 0.04, ""Na"": 0.025, ""Pb"": 0.935}, ""B"": {""S"": 0.25, ""Se"": 0.5, ""Te"": 0.25}}",NaCl,rock-salt,"{'A': 1, 'B': 1}",['https://doi.org/10.1038/s41467-021-23569-z']
"{""A"": {""Ge"": 0.15, ""Mn"": 0.25, ""Pb"": 0.075, ""Sn"": 0.525}, ""B"": {""Te"": 1.0}}",NaCl,rock-salt,"{'A': 1, 'B': 1}",['https://doi.org/10.1002/aenm.201802116']
"{""A"": {""Ag"": 0.25, ""Mn"": 0.25, ""Pb"": 0.1875, ""Sb"": 0.25, ""Sn"": 0.0625}, ""B"": {""Te"": 1.0}}",NaCl,rock-salt,"{'A': 1, 'B': 1}",['https://doi.org/10.1021/acs.chemmater.2c02344']
"{""A"": {""La"": 0.03, ""Pb"": 0.47, ""Sn"": 0.5}, ""B"": {""Se"": 0.5, ""Te"": 0.5}}",NaCl,rock-salt,"{'A': 1, 'B': 1}",['https://doi.org/10.1080/21663831.2016.1244116']
"{""A"": {""Ag"": 0.11, ""Bi"": 0.01, ""Ge"": 0.61, ""Pb"": 0.12, ""Sb"": 0.13}, ""B"": {""Te"": 1.0}}",NaCl,rock-salt,"{'A': 1, 'B': 1}",['https://doi.org/10.1126/science.abq5815']
"{""A"": {""Hf"": 0.2, ""Nb"": 0.2, ""Ta"": 0.2, ""Ti"": 0.2, ""Zr"": 0.2}, ""B"": {""C"": 0.8, ""N"": 0.2}}",NaCl,rock-salt,"{'A': 1, 'B': 1}",['https://doi.org/10.1016/j.corsci.2021.109359']
"{""A"": {""Hf"": 0.3333, ""Ti"": 0.3333, ""Zr"": 0.3333}, ""B"": {""C"": 0.5, ""N"": 0.5}}",NaCl,rock-salt,"{'A': 1, 'B': 1}",['https://doi.org/10.1007/s40843-020-1610-9']
"{""A"": {""Cr"": 0.25, ""Nb"": 0.25, ""Ti"": 0.25, ""V"": 0.25}, ""B"": {""N"": 0.825}}",NaCl,rock-salt,"{'A': 1, 'B': 1}",['https://doi.org/10.1016/j.jssc.2025.125202']
"{""A"": {""Hf"": 0.2, ""Nb"": 0.2, ""Ta"": 0.2, ""Ti"": 0.2, ""Zr"": 0.2}, ""B"": {""C"": 0.95}}",NaCl,rock-salt,"{'A': 1, 'B': 1}",['https://doi.org/10.1016/j.jmst.2025.02.035']
"{""A"": {""Cr"": 0.2, ""Nb"": 0.2, ""Ti"": 0.2, ""V"": 0.2, ""Zr"": 0.2}, ""B"": {""N"": 1.0}}",NaCl,rock-salt,"{'A': 1, 'B': 1}",['https://doi.org/10.1016/j.ijrmhm.2025.107165']
"{""A"": {""Co"": 0.2083, ""Cu"": 0.2083, ""Mg"": 0.1667, ""Ni"": 0.2083, ""Zn"": 0.2083}, ""B"": {""O"": 1.0}}",NaCl,rock-salt,"{'A': 1, 'B': 1}",['https://doi.org/10.1016/j.matchemphys.2021.125105']
"{""A"": {""Co"": 0.25, ""Mg"": 0.25, ""Ni"": 0.25, ""Zn"": 0.25}, ""B"": {""Li"": 1.0}, ""C"": {""O"": 1.0}}",NaCl,rock-salt,"{'A': 1, 'B': 1}",['https://doi.org/10.1021/acsami.0c03562']
"{""A"": {""Mg"": 1.0}, ""B"": {""Co"": 0.2, ""Cu"": 0.2, ""Fe"": 0.2, ""Ni"": 0.2, ""Zn"": 0.2}, ""C"": {""O"": 1.0}}",NaCl,rock-salt,"{'A': 1, 'B': 1}",['https://doi.org/10.1016/j.nxmate.2025.100855']
"{""A"": {""Co"": 0.2, ""Mg"": 0.2, ""Mn"": 0.2, ""Ni"": 0.2, ""Zn"": 0.2}, ""B"": {""O"": 1.0}}",NaCl,rock-salt,"{'A': 1, 'B': 1}",['https://doi.org/10.1016/j.nanoen.2024.110121']
"{""A"": {""Mg"": 1.0}, ""B"": {""Co"": 0.2211, ""Cu"": 0.2947, ""Ni"": 0.2316, ""Zn"": 0.2526}, ""C"": {""O"": 1.0}}",NaCl,rock-salt,"{'A': 1, 'B': 1}",['https://doi.org/10.1016/j.cej.2022.137924']
"{""A"": {""Li"": 1.0}, ""B"": {""Al"": 0.0179, ""Mn"": 0.9524, ""Nb"": 0.0179, ""Ti"": 0.0119}, ""C"": {""O"": 1.0}}",NaCl,rock-salt,"{'A': 1, 'B': 1}",['https://doi.org/10.1002/adfm.202419907']
"{""A"": {""Li"": 1.0}, ""B"": {""Co"": 0.2326, ""Cr"": 0.3488, ""F"": 0.0349, ""Mn"": 0.3488, ""Nb"": 0.0233, ""Ti"": 0.0116}, ""C"": {""O"": 1.0}}",NaCl,rock-salt,"{'A': 1, 'B': 1}",['https://doi.org/10.1038/s41563-020-00816-0']
"{""A"": {""Li"": 1.0}, ""B"": {""Co"": 0.0526, ""Cr"": 0.0526, ""F"": 0.1579, ""I"": 0.0526, ""Mn"": 0.5263, ""Nb"": 0.1053, ""Ti"": 0.0526}, ""C"": {""O"": 1.0}}",NaCl,rock-salt,"{'A': 1, 'B': 1}",['https://doi.org/10.1002/sstr.202400005']
"{""A"": {""Li"": 1.0}, ""B"": {""Co"": 0.0625, ""Cr"": 0.0625, ""I"": 0.0625, ""Mn"": 0.625, ""Nb"": 0.125, ""Ti"": 0.0625}, ""C"": {""O"": 1.0}}",NaCl,rock-salt,"{'A': 1, 'B': 1}",['https://doi.org/10.1002/sstr.202400005']
"{""A"": {""Li"": 0.913, ""Mg"": 0.087}, ""B"": {""Fe"": 0.2308, ""Mn"": 0.3077, ""Ti"": 0.2308, ""Zr"": 0.2308}, ""C"": {""O"": 1.0}}",NaCl,rock-salt,"{'A': 1, 'B': 1}",['https://doi.org/10.1039/D5EB00104H']
"{""A"": {""Li"": 0.875, ""Mg"": 0.125}, ""B"": {""Fe"": 0.3333, ""Mn"": 0.1667, ""Nb"": 0.25, ""Zr"": 0.25}, ""C"": {""O"": 1.0}}",NaCl,rock-salt,"{'A': 1, 'B': 1}",['https://doi.org/10.1039/D5EB00104H']
"{""A"": {""Li"": 1.0}, ""B"": {""Co"": 0.1896, ""Cr"": 0.2844, ""F"": 0.019, ""Fe"": 0.2844, ""Nb"": 0.0142, ""Ni"": 0.1896, ""Ti"": 0.019}, ""C"": {""O"": 1.0}}",NaCl,rock-salt,"{'A': 1, 'B': 1}",['https://doi.org/10.1002/anie.202311930']
"{""A"": {""Cu"": 1.0}, ""B"": {""Cu"": 0.1111, ""Ge"": 0.2222, ""Mg"": 0.2222, ""Sn"": 0.2222, ""Zn"": 0.2222}, ""C"": {""S"": 1.0}}",CuInS2,roquesite,"{'A': 1, 'B': 1, 'C': 2}",['https://doi.org/10.1021/acs.inorgchem.8b02379']
"{""A"": {""Cu"": 0.8571, ""Zn"": 0.1429}, ""B"": {""In"": 0.2857, ""Mg"": 0.2857, ""Sn"": 0.2857, ""Zn"": 0.1429}, ""C"": {""S"": 1.0}}",CuInS2,roquesite,"{'A': 1, 'B': 1, 'C': 2}",['https://doi.org/10.1021/acs.inorgchem.8b02379']
"{""A"": {""Cu"": 0.25, ""Fe"": 0.25, ""Ni"": 0.25, ""Zn"": 0.25}, ""B"": {""F"": 1.0}}",TiO2,rutile,"{'A': 1, 'B': 2}","['https://doi.org/10.1039/d0ta10209a', 'https://doi.org/10.1039/D0TA10209A']"
"{""A"": {""Co"": 0.2, ""Cu"": 0.2, ""Fe"": 0.2, ""Ni"": 0.2, ""Zn"": 0.2}, ""B"": {""F"": 1.0}}",TiO2,rutile,"{'A': 1, 'B': 2}","['https://doi.org/10.1039/d0ta10209a', 'https://doi.org/10.1039/D0TA10209A']"
"{""A"": {""Co"": 0.2, ""Cu"": 0.2, ""Fe"": 0.2, ""Mn"": 0.2, ""Ni"": 0.2}, ""B"": {""F"": 1.0}}",TiO2,rutile,"{'A': 1, 'B': 2}","['https://doi.org/10.1039/d0ta10209a', 'https://doi.org/10.1039/D0TA10209A']"
"{""A"": {""Co"": 0.1667, ""Cu"": 0.1667, ""Fe"": 0.1667, ""Mn"": 0.1667, ""Ni"": 0.1667, ""Zn"": 0.1667}, ""B"": {""F"": 1.0}}",TiO2,rutile,"{'A': 1, 'B': 2}","['https://doi.org/10.1039/d0ta10209a', 'https://doi.org/10.1039/D0TA10209A']"
"{""A"": {""Co"": 0.1429, ""Cu"": 0.1429, ""Fe"": 0.1429, ""Mg"": 0.1429, ""Mn"": 0.1429, ""Ni"": 0.1429, ""Zn"": 0.1429}, ""B"": {""F"": 1.0}}",TiO2,rutile,"{'A': 1, 'B': 2}","['https://doi.org/10.1039/d0ta10209a', 'https://doi.org/10.1039/D0TA10209A']"
"{""A"": {""Cd"": 0.2, ""Fe"": 0.2, ""Mg"": 0.2, ""Ni"": 0.2, ""Zn"": 0.2}, ""B"": {""Fe"": 1.0}, ""C"": {""O"": 1.0}}",MgAl2O4,Spinel - Ternary,"{'A': 1, 'B': 2, 'C': 4}",['https://doi.org/10.1038/s41598-019-56586-6']
"{""A"": {""Co"": 0.3, ""Cu"": 0.175, ""Mn"": 0.175, ""Ni"": 0.175, ""Zn"": 0.175}, ""B"": {""Fe"": 1.0}, ""C"": {""O"": 1.0}}",MgAl2O4,Spinel - Ternary,"{'A': 1, 'B': 2, 'C': 4}",['https://doi.org/10.1016/j.jmrt.2021.07.018']
"{""A"": {""Ni"": 1.0}, ""B"": {""Dy"": 0.01, ""Er"": 0.01, ""Fe"": 0.95, ""Gd"": 0.01, ""Ho"": 0.01, ""Tb"": 0.01}, ""C"": {""O"": 1.0}}",MgAl2O4,Spinel - Ternary,"{'A': 1, 'B': 2, 'C': 4}",['https://doi.org/10.1016/j.scriptamat.2019.12.027']
"{""A"": {""Co"": 0.2, ""Cr"": 0.2, ""Fe"": 0.2, ""Mn"": 0.2, ""Ni"": 0.2}, ""B"": {""Fe"": 1.0}, ""C"": {""O"": 1.0}}",MgAl2O4,Spinel - Ternary,"{'A': 1, 'B': 2, 'C': 4}",['https://doi.org/10.1016/j.scriptamat.2019.12.027']
"{""A"": {""Co"": 0.2, ""Cr"": 0.2, ""Fe"": 0.2, ""Mn"": 0.2, ""Ni"": 0.2}, ""B"": {""Dy"": 0.01, ""Er"": 0.01, ""Fe"": 0.95, ""Gd"": 0.01, ""Ho"": 0.01, ""Tb"": 0.01}, ""C"": {""O"": 1.0}}",MgAl2O4,Spinel - Ternary,"{'A': 1, 'B': 2, 'C': 4}",['https://doi.org/10.1016/j.scriptamat.2019.12.027']
"{""A"": {""Co"": 0.2, ""Mg"": 0.2, ""Mn"": 0.2, ""Ni"": 0.2, ""Zn"": 0.2}, ""B"": {""Al"": 0.2, ""Co"": 0.2, ""Cr"": 0.2, ""Fe"": 0.2, ""Mn"": 0.2}, ""C"": {""O"": 1.0}}",MgAl2O4,Spinel - Ternary,"{'A': 1, 'B': 2, 'C': 4}",['https://doi.org/10.1016/j.scriptamat.2020.07.002']
"{""A"": {""Co"": 0.2, ""Fe"": 0.2, ""Mg"": 0.2, ""Mn"": 0.2, ""Ni"": 0.2}, ""B"": {""Fe"": 1.0}, ""C"": {""O"": 1.0}}",MgAl2O4,Spinel - Ternary,"{'A': 1, 'B': 2, 'C': 4}",['https://doi.org/10.1007/s40145-022-0569-3']
"{""A"": {""Co"": 0.2, ""Cu"": 0.2, ""Fe"": 0.2, ""Mg"": 0.2, ""Ni"": 0.2}, ""B"": {""Fe"": 1.0}, ""C"": {""O"": 1.0}}",MgAl2O4,Spinel - Ternary,"{'A': 1, 'B': 2, 'C': 4}","['https://doi.org/10.1007/s40145-022-0569-3', 'https://doi.org/10.1039/D4TA04925J']"
"{""A"": {""Co"": 0.2, ""Fe"": 0.2, ""Mg"": 0.2, ""Ni"": 0.2, ""Zn"": 0.2}, ""B"": {""Fe"": 1.0}, ""C"": {""O"": 1.0}}",MgAl2O4,Spinel - Ternary,"{'A': 1, 'B': 2, 'C': 4}",['https://doi.org/10.1007/s40145-022-0569-3']
"{""A"": {""Ni"": 1.0}, ""B"": {""Co"": 0.2, ""Cr"": 0.2, ""Fe"": 0.2, ""Mn"": 0.2, ""Ni"": 0.2}, ""C"": {""O"": 1.0}}",MgAl2O4,Spinel - Ternary,"{'A': 1, 'B': 2, 'C': 4}",['https://doi.org/10.1016/j.jeurceramsoc.2023.11.004']
"{""A"": {""Cr"": 0.2, ""Cu"": 0.2, ""Fe"": 0.2, ""Mn"": 0.2, ""Ni"": 0.2}, ""B"": {""O"": 1.0}}",MgAl2O4,Spinel - Ternary,"{'A': 1, 'B': 2, 'C': 4}","['https://doi.org/10.1002/adfm.202110992', 'https://doi.org/10.1016/j.cej.2021.132658']"
"{""A"": {""Co"": 0.2, ""Mg"": 0.2, ""Mn"": 0.2, ""Ni"": 0.2, ""Zn"": 0.2}, ""B"": {""Cr"": 1.0}, ""C"": {""O"": 1.0}}",MgAl2O4,Spinel - Ternary,"{'A': 1, 'B': 2, 'C': 4}",['https://doi.org/10.1002/adem.202300585']
"{""A"": {""Al"": 0.0385, ""Co"": 0.1923, ""Cr"": 0.1923, ""Fe"": 0.1923, ""Mn"": 0.1923, ""Ni"": 0.1923}, ""B"": {""O"": 1.0}}",MgAl2O4,Spinel - Ternary,"{'A': 1, 'B': 2, 'C': 4}",['https://doi.org/10.1007/s10853-021-05805-5']
"{""A"": {""Co"": 0.1667, ""Fe"": 0.1667, ""Li"": 0.1667, ""Mn"": 0.1667, ""Ni"": 0.1667, ""Zn"": 0.1667}, ""B"": {""O"": 1.0}}",MgAl2O4,Spinel - Ternary,"{'A': 1, 'B': 2, 'C': 4}",['https://doi.org/10.1007/s12598-021-01872-4']
"{""A"": {""Co"": 0.1667, ""Cr"": 0.1667, ""Li"": 0.1667, ""Mn"": 0.1667, ""Ni"": 0.1667, ""Zn"": 0.1667}, ""B"": {""O"": 1.0}}",MgAl2O4,Spinel - Ternary,"{'A': 1, 'B': 2, 'C': 4}",['https://doi.org/10.1007/s12598-021-01872-4']
"{""A"": {""Co"": 0.2, ""Cr"": 0.2, ""Fe"": 0.2, ""Ni"": 0.2, ""Zn"": 0.2}, ""B"": {""O"": 1.0}}",MgAl2O4,Spinel - Ternary,"{'A': 1, 'B': 2, 'C': 4}",['https://doi.org/10.1021/acsami.2c07576']
"{""A"": {""Cu"": 0.2, ""Fe"": 0.2, ""Mg"": 0.2, ""Ti"": 0.2, ""Zn"": 0.2}, ""B"": {""O"": 1.0}}",Co3O4,Spinel -Binary,"{'A': 3, 'B': 4}",['https://doi.org/10.1039/d0ra00255k']
"{""A"": {""Co"": 0.2, ""Cu"": 0.2, ""Fe"": 0.2, ""Mn"": 0.2, ""Ni"": 0.2}, ""B"": {""O"": 1.0}}",Co3O4,Spinel -Binary,"{'A': 3, 'B': 4}",['https://doi.org/10.1039/c9ta08740k']
"{""A"": {""Co"": 0.2, ""Cr"": 0.2, ""Fe"": 0.2, ""Mn"": 0.2, ""Ni"": 0.2}, ""B"": {""O"": 1.0}}",Co3O4,Spinel -Binary,"{'A': 3, 'B': 4}","['https://doi.org/10.1002/adfm.202308710', 'https://doi.org/10.1007/s10853-023-08498-0', 'https://doi.org/10.1007/s40145-022-0573-7', 'https://doi.org/10.1016/j.cej.2021.129838', 'https://doi.org/10.1016/j.cej.2021.133448', 'https://doi.org/10.1016/j.ceramint.2025.09.177', 'https://doi.org/10.1016/j.est.2023.109182', 'https://doi.org/10.1016/j.jallcom.2020.156158', 'https://doi.org/10.1016/j.jeurceramsoc.2019.11.030', 'https://doi.org/10.1016/j.jmst.2021.11.032', 'https://doi.org/10.1016/j.matlet.2017.12.148', 'https://doi.org/10.1016/j.molstruc.2019.05.073', 'https://doi.org/10.1016/j.nanoen.2022.106962', 'https://doi.org/10.1039/d0ta04844e', 'https://doi.org/10.3390/batteries9030147']"
"{""A"": {""Co"": 0.2, ""Cr"": 0.2, ""Fe"": 0.2, ""Mg"": 0.2, ""Mn"": 0.2}, ""B"": {""O"": 1.0}}",Co3O4,Spinel -Binary,"{'A': 3, 'B': 4}","['https://doi.org/10.1007/s10853-023-08498-0', 'https://doi.org/10.1016/j.jeurceramsoc.2019.11.030']"
"{""A"": {""Cr"": 0.2, ""Fe"": 0.2, ""Mg"": 0.2, ""Mn"": 0.2, ""Ni"": 0.2}, ""B"": {""O"": 1.0}}",Co3O4,Spinel -Binary,"{'A': 3, 'B': 4}",['https://doi.org/10.1016/j.jeurceramsoc.2019.11.030']
"{""A"": {""Cr"": 0.2, ""Fe"": 0.2, ""Mn"": 0.2, ""Ni"": 0.2, ""Zn"": 0.2}, ""B"": {""O"": 1.0}}",Co3O4,Spinel -Binary,"{'A': 3, 'B': 4}","['https://doi.org/10.1002/adfm.202300509', 'https://doi.org/10.1016/j.jmmm.2019.165884']"
"{""A"": {""Co"": 0.2, ""Cr"": 0.2, ""Fe"": 0.2, ""Mn"": 0.2, ""Zn"": 0.2}, ""B"": {""O"": 1.0}}",Co3O4,Spinel -Binary,"{'A': 3, 'B': 4}",['https://doi.org/10.1016/j.jmmm.2019.165884']
"{""A"": {""Cr"": 0.2, ""Fe"": 0.2, ""Mg"": 0.2, ""Mn"": 0.2, ""Zn"": 0.2}, ""B"": {""O"": 1.0}}",Co3O4,Spinel -Binary,"{'A': 3, 'B': 4}",['https://doi.org/10.3139/146.111874']
"{""A"": {""Al"": 0.1667, ""Co"": 0.1667, ""Cr"": 0.1667, ""Fe"": 0.1667, ""Mn"": 0.1667, ""Ni"": 0.1667}, ""B"": {""O"": 1.0}}",Co3O4,Spinel -Binary,"{'A': 3, 'B': 4}",['https://doi.org/10.1016/j.jmmm.2020.166594']
"{""A"": {""Co"": 0.1429, ""Cr"": 0.1429, ""Cu"": 0.1429, ""Fe"": 0.1429, ""Li"": 0.1429, ""Mn"": 0.1429, ""Ni"": 0.1429}, ""B"": {""O"": 1.0}}",Co3O4,Spinel -Binary,"{'A': 3, 'B': 4}",['https://doi.org/10.1016/j.ceramint.2021.08.091']
"{""A"": {""Co"": 0.1429, ""Cr"": 0.1429, ""Fe"": 0.1429, ""Li"": 0.1429, ""Mg"": 0.1429, ""Mn"": 0.1429, ""Ni"": 0.1429}, ""B"": {""O"": 1.0}}",Co3O4,Spinel -Binary,"{'A': 3, 'B': 4}",['https://doi.org/10.1016/j.ceramint.2021.08.091']
"{""A"": {""Co"": 0.1429, ""Cr"": 0.1429, ""Fe"": 0.1429, ""Li"": 0.1429, ""Mn"": 0.1429, ""Ni"": 0.1429, ""Zn"": 0.1429}, ""B"": {""O"": 1.0}}",Co3O4,Spinel -Binary,"{'A': 3, 'B': 4}",['https://doi.org/10.1016/j.ceramint.2021.08.091']
"{""A"": {""Al"": 0.1667, ""Cr"": 0.1667, ""Fe"": 0.1667, ""Mg"": 0.1667, ""Mn"": 0.1667, ""Ni"": 0.1667}, ""B"": {""O"": 1.0}}",Co3O4,Spinel -Binary,"{'A': 3, 'B': 4}",['https://doi.org/10.3390/pr10010049']
"{""A"": {""Co"": 0.3333, ""Cr"": 0.1667, ""Fe"": 0.1667, ""Mn"": 0.1667, ""Ni"": 0.1667}, ""B"": {""O"": 1.0}}",Co3O4,Spinel -Binary,"{'A': 3, 'B': 4}",['https://doi.org/10.1016/j.est.2023.108211']
"{""A"": {""Co"": 0.4284, ""Cr"": 0.1429, ""Fe"": 0.1429, ""Mn"": 0.1429, ""Ni"": 0.1429}, ""B"": {""O"": 1.0}}",Co3O4,Spinel -Binary,"{'A': 3, 'B': 4}",['https://doi.org/10.1016/j.est.2023.108211']
"{""A"": {""Co"": 0.5, ""Cr"": 0.125, ""Fe"": 0.125, ""Mn"": 0.125, ""Ni"": 0.125}, ""B"": {""O"": 1.0}}",Co3O4,Spinel -Binary,"{'A': 3, 'B': 4}",['https://doi.org/10.1016/j.est.2023.108211']
"{""A"": {""Co"": 0.1667, ""Cr"": 0.1667, ""Fe"": 0.1667, ""Li"": 0.1667, ""Mg"": 0.1667, ""Mn"": 0.1667}, ""B"": {""O"": 1.0}}",Co3O4,Spinel -Binary,"{'A': 3, 'B': 4}",['https://doi.org/10.1007/s10853-023-08498-0']
"{""A"": {""Co"": 0.1667, ""Cr"": 0.1667, ""Fe"": 0.1667, ""Li"": 0.1667, ""Mn"": 0.1667, ""Ni"": 0.1667}, ""B"": {""O"": 1.0}}",Co3O4,Spinel -Binary,"{'A': 3, 'B': 4}",['https://doi.org/10.1007/s10853-023-08498-0']
"{""A"": {""Fe"": 0.2, ""Mg"": 0.2, ""Ni"": 0.2, ""Ti"": 0.2, ""Zn"": 0.2}, ""B"": {""O"": 1.0}}",Co3O4,Spinel -Binary,"{'A': 3, 'B': 4}",['https://doi.org/10.1016/j.mtcomm.2023.106315']
"{""A"": {""Co"": 0.2, ""Fe"": 0.2, ""Ni"": 0.2, ""Ti"": 0.2, ""Zn"": 0.2}, ""B"": {""O"": 1.0}}",Co3O4,Spinel -Binary,"{'A': 3, 'B': 4}",['https://doi.org/10.1016/j.mtcomm.2023.106315']
"{""A"": {""Co"": 0.1667, ""Cr"": 0.1667, ""Fe"": 0.3333, ""Mn"": 0.1667, ""Ni"": 0.1667}, ""B"": {""O"": 1.0}}",Co3O4,Spinel -Binary,"{'A': 3, 'B': 4}",['https://doi.org/10.1016/j.jmst.2021.11.032']
"{""A"": {""Co"": 0.1429, ""Cr"": 0.1429, ""Fe"": 0.4284, ""Mn"": 0.1429, ""Ni"": 0.1429}, ""B"": {""O"": 1.0}}",Co3O4,Spinel -Binary,"{'A': 3, 'B': 4}",['https://doi.org/10.1016/j.jmst.2021.11.032']
"{""A"": {""Co"": 0.2, ""Cu"": 0.2, ""Fe"": 0.2, ""Mg"": 0.2, ""Mn"": 0.2}, ""B"": {""O"": 1.0}}",Co3O4,Spinel -Binary,"{'A': 3, 'B': 4}",['https://doi.org/10.1016/j.fuel.2025.136190']
"{""A"": {""Co"": 0.2727, ""Cu"": 0.0909, ""Fe"": 0.2727, ""Mn"": 0.2727, ""Ni"": 0.0909}, ""B"": {""O"": 1.0}}",Co3O4,Spinel -Binary,"{'A': 3, 'B': 4}",['https://doi.org/10.1016/j.surfin.2025.107028']
"{""A"": {""Co"": 0.2, ""Cu"": 0.2, ""Fe"": 0.2, ""Mg"": 0.2, ""Ni"": 0.2}, ""B"": {""O"": 1.0}}",Co3O4,Spinel -Binary,"{'A': 3, 'B': 4}","['https://doi.org/10.1016/j.cej.2024.149509', 'https://doi.org/10.1021/acs.nanolett.4c06461']"
"{""A"": {""Cr"": 0.2, ""Fe"": 0.2, ""Mg"": 0.2, ""Ni"": 0.2, ""Zn"": 0.2}, ""B"": {""O"": 1.0}}",Co3O4,Spinel -Binary,"{'A': 3, 'B': 4}",['https://doi.org/10.1016/j.jpowsour.2025.237502']
"{""A"": {""Co"": 0.2, ""Fe"": 0.2, ""Mn"": 0.2, ""Ni"": 0.2, ""Zn"": 0.2}, ""B"": {""O"": 1.0}}",Co3O4,Spinel -Binary,"{'A': 3, 'B': 4}",['https://doi.org/10.1016/j.ceramint.2023.04.131']
"{""A"": {""Cr"": 0.2, ""Nb"": 0.2, ""Ta"": 0.2, ""Ti"": 0.2, ""V"": 0.2}, ""B"": {""S"": 1.0}}",TiS2,TiS2,"{'A': 1, 'B': 2}",['https://doi.org/10.1021/jacs.1c01580']
"{""A"": {""Cr"": 0.2, ""Nb"": 0.2, ""Ta"": 0.2, ""Ti"": 0.2, ""V"": 0.2}, ""B"": {""Se"": 1.0}}",TiS2,TiS2,"{'A': 1, 'B': 2}",['https://doi.org/10.1021/jacs.1c01580']
"{""A"": {""Hf"": 0.25, ""Nb"": 0.25, ""Ti"": 0.25, ""Zr"": 0.25}, ""B"": {""Se"": 1.0}}",TiS2,TiS2,"{'A': 1, 'B': 2}",['https://doi.org/10.1021/jacs.1c01580']
"{""A"": {""Cr"": 0.2, ""Fe"": 0.1, ""Mn"": 0.1, ""Nb"": 0.2, ""Ti"": 0.2, ""V"": 0.2}, ""B"": {""Se"": 1.0}}",TiS2,TiS2,"{'A': 1, 'B': 2}",['https://doi.org/10.1021/jacs.1c01580']
"{""A"": {""Cr"": 0.2, ""Nb"": 0.2, ""Ta"": 0.2, ""Ti"": 0.2, ""V"": 0.2}, ""B"": {""S"": 0.5, ""Se"": 0.5}}",TiS2,TiS2,"{'A': 1, 'B': 2}",['https://doi.org/10.1021/jacs.1c01580']
"{""A"": {""Hf"": 0.2, ""Nb"": 0.2, ""Ti"": 0.2, ""V"": 0.2, ""Zr"": 0.2}, ""B"": {""Te"": 1.0}}",TiS2,TiS2,"{'A': 1, 'B': 2}",['https://doi.org/10.1021/jacs.1c01580']
"{""A"": {""Au"": 0.1, ""Co"": 0.1, ""Ir"": 0.2, ""Pd"": 0.2, ""Pt"": 0.2, ""Rh"": 0.2}, ""B"": {""Te"": 1.0}}",TiS2,TiS2,"{'A': 1, 'B': 2}",['https://doi.org/10.1021/jacs.1c01580']
"{""A"": {""Co"": 0.1, ""Ir"": 0.225, ""Pd"": 0.225, ""Pt"": 0.225, ""Rh"": 0.225}, ""B"": {""Te"": 1.0}}",TiS2,TiS2,"{'A': 1, 'B': 2}",['https://doi.org/10.1021/jacs.1c01580']
"{""A"": {""Co"": 0.2, ""Ir"": 0.2, ""Pd"": 0.2, ""Pt"": 0.2, ""Rh"": 0.2}, ""B"": {""Te"": 1.0}}",TiS2,TiS2,"{'A': 1, 'B': 2}",['https://doi.org/10.1021/jacs.1c01580']
"{""A"": {""Ce"": 0.2, ""Dy"": 0.2, ""Gd"": 0.2, ""La"": 0.2, ""Y"": 0.2}, ""B"": {""Ta"": 1.0}, ""C"": {""O"": 1.0}}",,LaTaO4,"{'A': 1, 'B': 1, 'C': 4}",['https://doi.org/10.1016/j.jmrt.2024.07.005']
"{""A"": {""Ba"": 0.425, ""Ca"": 0.05, ""La"": 0.1, ""Sr"": 0.425}, ""B"": {""Nb"": 0.7, ""Ta"": 0.3}, ""C"": {""O"": 1.0}}",BaNb2O6,Tungsten Bronze,"{'A': 1, 'B': 2, 'C': 6}",['https://doi.org/10.1002/advs.202300227']
"{""A"": {""Ba"": 0.2, ""La"": 0.2, ""Na"": 0.2, ""Pb"": 0.2, ""Sr"": 0.2}, ""B"": {""Nb"": 1.0}, ""C"": {""O"": 1.0}}",BaNb2O6,Tungsten Bronze,"{'A': 1, 'B': 2, 'C': 6}",['https://doi.org/10.1038/s41467-024-49107-1']
"{""A"": {""Na"": 1.0}, ""B"": {""Ba"": 0.1207, ""Bi"": 0.0345, ""Ca"": 0.0345, ""Nb"": 0.6207, ""Sr"": 0.1207, ""Ta"": 0.069}, ""C"": {""O"": 1.0}}",BaNb2O6,Tungsten Bronze,"{'A': 1, 'B': 2, 'C': 6}",['https://doi.org/10.1002/adfm.202409446']
"{""A"": {""Ba"": 0.4, ""Ca"": 0.3, ""Sr"": 0.3}, ""B"": {""Nb"": 0.85, ""Ta"": 0.15}, ""C"": {""O"": 1.0}}",BaNb2O6,Tungsten Bronze,"{'A': 1, 'B': 2, 'C': 6}",['https://doi.org/10.1038/s41467-024-50252-w']
"{""A"": {""Ba"": 0.1667, ""Bi"": 0.1667, ""Ca"": 0.1667, ""Sr"": 0.5}, ""B"": {""Nb"": 0.5, ""Sb"": 0.1, ""Ta"": 0.1, ""Ti"": 0.3}, ""C"": {""O"": 1.0}}",BaNb2O6,Tungsten Bronze,"{'A': 1, 'B': 2, 'C': 6}",['https://doi.org/10.1016/j.actamat.2025.121380']
"{""A"": {""Co"": 0.2, ""Cu"": 0.2, ""Ga"": 0.2, ""In"": 0.2, ""Zn"": 0.2}, ""B"": {""S"": 1.0}}",ZnO,Wurtzite,"{'A': 1, 'B': 2}",['https://doi.org/10.1021/jacs.0c11384']
"{""A"": {""Cr"": 0.14, ""Nb"": 0.24, ""Ta"": 0.26, ""Ti"": 0.19, ""V"": 0.2}, ""B"": {""S"": 1.0}}",MoS2,,"{'A': 1, 'B': 2}",['https://doi.org/10.1021/jacs.1c01580']
"{""A"": {""Mo"": 0.2, ""Nb"": 0.2, ""Ta"": 0.2, ""V"": 0.2, ""W"": 0.2}, ""B"": {""S"": 1.0}}",MoS2,,"{'A': 1, 'B': 2}",['https://doi.org/10.1002/adma.202100347']
"{""A"": {""Ba"": 0.15, ""Bi"": 0.1, ""Ca"": 0.35, ""Na"": 0.2, ""Sr"": 0.2}, ""B"": {""Co"": 1.0}, ""C"": {""O"": 1.0}}",Ca3Co4O9,,"{'A': 3, 'B': 4, 'C': 9}",['https://doi.org/10.1016/j.mtphys.2021.100394']
"{""A"": {""Gd"": 0.3, ""Y"": 0.3, ""Yb"": 0.4}, ""B"": {""Hf"": 0.5, ""Ta"": 0.5}, ""C"": {""O"": 1.0}}",,,,['https://doi.org/10.1016/j.jallcom.2024.177743']
"{""A"": {""Er"": 0.25, ""Ho"": 0.25, ""Sc"": 0.25, ""Yb"": 0.25}, ""B"": {""Hf"": 1.0}, ""C"": {""O"": 1.0}}",,,,['https://doi.org/10.1016/j.jeurceramsoc.2025.117803']
"{""A"": {""Gd"": 0.25, ""La"": 0.25, ""Sm"": 0.25, ""Yb"": 0.25}, ""B"": {""Ce"": 1.0}, ""C"": {""O"": 1.0}}",,,,['https://doi.org/10.1016/j.ceramint.2021.12.054']
"{""A"": {""Sr"": 1.0}, ""B"": {""Dy"": 0.2, ""Gd"": 0.2, ""Sm"": 0.2, ""Y"": 0.2, ""Yb"": 0.2}, ""C"": {""O"": 1.0}}",,,,['https://doi.org/10.1016/j.ceramint.2025.05.433']
"{""A"": {""Ce"": 0.25, ""Gd"": 0.125, ""Hf"": 0.25, ""Ti"": 0.125, ""Zr"": 0.25}, ""B"": {""O"": 1.0}}",,,,['https://doi.org/10.1016/j.jeurceramsoc.2022.07.026']
"{""A"": {""Ce"": 0.2, ""Dy"": 0.2, ""Eu"": 0.2, ""Nd"": 0.2, ""Sm"": 0.2}, ""B"": {""Ta"": 1.0}, ""C"": {""O"": 1.0}}",,,,['https://doi.org/10.1111/jace.19841']
"{""A"": {""Sr"": 1.0}, ""B"": {""Er"": 0.2, ""Eu"": 0.2, ""Ho"": 0.2, ""Tm"": 0.2, ""Yb"": 0.2}, ""C"": {""O"": 1.0}}",,,,['https://doi.org/10.1016/j.jeurceramsoc.2024.116909']
"{""A"": {""Dy"": 0.1429, ""Er"": 0.1429, ""Ho"": 0.1429, ""Lu"": 0.1429, ""Tm"": 0.1429, ""Y"": 0.1429, ""Yb"": 0.1429}, ""B"": {""P"": 1.0}, ""C"": {""O"": 1.0}}",,,,['https://doi.org/10.1016/j.jallcom.2023.169978']
"{""A"": {""Ce"": 0.2, ""Gd"": 0.2, ""La"": 0.2, ""Nd"": 0.2, ""Y"": 0.2}, ""B"": {""Ta"": 1.0}, ""C"": {""O"": 1.0}}",,,,['https://doi.org/10.1016/j.jeurceramsoc.2022.03.005']
"{""A"": {""Eu"": 0.2, ""Nd"": 0.2, ""Sm"": 0.2, ""Y"": 0.2, ""Yb"": 0.2}, ""B"": {""Al"": 1.0}, ""C"": {""O"": 1.0}}",,,,['https://doi.org/10.1007/s40145-020-0399-0']
"{""A"": {""Eu"": 0.2, ""Gd"": 0.2, ""La"": 0.2, ""Nd"": 0.2, ""Sm"": 0.2}, ""B"": {""Al"": 0.5, ""Co"": 0.1, ""Cu"": 0.1, ""Mg"": 0.1, ""Ni"": 0.1, ""Zn"": 0.1}, ""C"": {""O"": 1.0}}",,,,['https://doi.org/10.1016/j.ceramint.2025.01.520']
"{""A"": {""Er"": 0.2, ""Lu"": 0.2, ""Sm"": 0.2, ""Y"": 0.2, ""Yb"": 0.2}, ""B"": {""O"": 1.0}}",,,,['https://doi.org/10.1007/s40145-021-0461-6']
"{""A"": {""Er"": 0.2, ""Eu"": 0.2, ""Lu"": 0.2, ""Y"": 0.2, ""Yb"": 0.2}, ""B"": {""O"": 1.0}}",,,,['https://doi.org/10.1007/s40145-021-0461-6']
"{""A"": {""Gd"": 0.2, ""La"": 0.2, ""Sm"": 0.2, ""Y"": 0.2, ""Yb"": 0.2}, ""B"": {""Al"": 1.0}, ""C"": {""O"": 1.0}}",,,,['https://doi.org/10.1111/jace.18999']
"{""A"": {""Dy"": 0.2, ""Er"": 0.2, ""Lu"": 0.2, ""Y"": 0.2, ""Yb"": 0.2}, ""B"": {""Al"": 1.0}, ""C"": {""O"": 1.0}}",,,,['https://doi.org/10.1016/j.ceramint.2024.09.128']
"{""A"": {""Ce"": 0.2, ""Eu"": 0.2, ""La"": 0.2, ""Nd"": 0.2, ""Sm"": 0.2}, ""B"": {""P"": 1.0}, ""C"": {""O"": 1.0}}",,,,['https://doi.org/10.1016/j.jmst.2019.08.012']
"{""A"": {""Er"": 0.3333, ""Y"": 0.3333, ""Yb"": 0.3333}, ""B"": {""Ta"": 1.0}, ""C"": {""O"": 1.0}}",,,,['https://doi.org/10.1007/s40145-020-0368-7']
"{""A"": {""Eu"": 0.2, ""Gd"": 0.2, ""La"": 0.2, ""Nd"": 0.2, ""Sm"": 0.2}, ""B"": {""Al"": 0.5, ""Mg"": 0.5}, ""C"": {""O"": 1.0}}",,,,"['https://doi.org/10.1016/j.jeurceramsoc.2024.04.058', 'https://doi.org/10.1016/j.surfcoat.2025.132255']"
"{""A"": {""Ce"": 0.1429, ""Eu"": 0.1429, ""Gd"": 0.1429, ""La"": 0.1429, ""Nd"": 0.1429, ""Pr"": 0.1429, ""Sm"": 0.1429}, ""B"": {""P"": 1.0}, ""C"": {""O"": 1.0}}",,,,['https://doi.org/10.1016/j.jallcom.2023.169978']
"{""A"": {""Ce"": 0.2, ""Er"": 0.2, ""Gd"": 0.2, ""La"": 0.2, ""Tm"": 0.2}, ""B"": {""W"": 1.0}, ""C"": {""O"": 1.0}}",,,,['https://doi.org/10.1016/j.matdes.2021.109722']
"{""A"": {""Dy"": 0.2, ""Lu"": 0.2, ""Sm"": 0.2, ""Y"": 0.2, ""Yb"": 0.2}, ""B"": {""Ta"": 1.0}, ""C"": {""O"": 1.0}}",,,,['https://doi.org/10.26599/JAC.2025.9221033']
"{""A"": {""Dy"": 0.2, ""Er"": 0.2, ""Ho"": 0.2, ""Y"": 0.2, ""Yb"": 0.2}, ""B"": {""Nb"": 1.0}, ""C"": {""O"": 1.0}}",,,,"['https://doi.org/10.1016/j.jeurceramsoc.2020.08.070', 'https://doi.org/10.1016/j.jeurceramsoc.2022.10.081']"
"{""A"": {""Gd"": 0.3, ""Y"": 0.3, ""Yb"": 0.4}, ""B"": {""Hf"": 1.0}, ""C"": {""O"": 1.0}}",,,,['https://doi.org/10.1016/j.ceramint.2023.10.083']
"{""A"": {""Er"": 0.2, ""Eu"": 0.2, ""Lu"": 0.2, ""Y"": 0.2, ""Yb"": 0.2}, ""B"": {""Al"": 1.0}, ""C"": {""O"": 1.0}}",,,,['https://doi.org/10.1016/j.ceramint.2024.08.342']
"{""A"": {""Er"": 0.2, ""Gd"": 0.2, ""Tm"": 0.2, ""Y"": 0.2, ""Yb"": 0.2}, ""B"": {""Hf"": 1.0}, ""C"": {""O"": 1.0}}",,,,['https://doi.org/10.1016/j.jeurceramsoc.2022.04.023']
"{""A"": {""Gd"": 0.2, ""Nd"": 0.2, ""Sm"": 0.2, ""Y"": 0.2, ""Yb"": 0.2}, ""B"": {""Nb"": 0.5, ""Ta"": 0.5}, ""C"": {""O"": 1.0}}",,,,['https://doi.org/10.1016/j.jallcom.2025.183097']
